cost_mean_elapsed_s,cost_mean_samples_run,cost_mean_total_iter,dec_first,dec_firstrep,dec_resample,dec_resamplerep,false_accept_pct,feedback,ktok_per_run,model,p1,p10,p10_hi,p10_lo,p1_clean,p1_hi,p1_lo,p5,solved_all,solved_any,suite,tasks,tasks_clean,tb_accepts_ref_pct,tb_ref_mutation_pct,tb_self_validated_pct,tok_completion,tok_prompt
,,0.896551724137931,31.03448275862069,0.0,0.0,0.0,40.0,F0,,base,31.03448275862069,,,,33.33333333333333,48.275862068965516,13.793103448275861,,9,9,rl1,29,18,,,,,
,,0.92,28.0,0.0,0.0,0.0,48.148148148148145,F0,,base,28.000000000000004,,,,39.285714285714285,40.0,16.0,,14,14,rl2,50,28,,,,,
,,1.0,37.82051282051282,0.0,0.0,0.0,57.2463768115942,F0,,base,37.82051282051282,,,,38.775510204081634,45.51282051282051,30.128205128205128,,59,59,ve,156,147,,,,,
,,0.9,32.068965517241324,0.0,0.0,0.0,50.53191489361702,F0s,,base,32.068965517241374,62.06896551724138,79.3103448275862,44.827586206896555,37.222222222222214,45.51724137931034,19.646551724137936,54.679802955665025,3,18,rl1,29,18,,,,,
,,0.924,25.39999999999994,0.0,0.0,0.0,59.936908517350155,F0s,,base,25.4,44.0,57.99999999999999,30.0,33.57142857142857,35.6,16.0,39.82539682539682,3,22,rl2,50,28,,,,,
,,1.0,35.96153846153779,0.0,0.0,0.0,58.78030859662013,F0s,,base,35.96153846153845,54.118529719863375,61.272040070451894,46.76743115035713,36.632653061224495,42.33974358974358,29.583333333333332,48.73758798391151,27,94,ve,156,147,,,,,
74.90875862068965,2.0413793103448277,1.9448275862068964,37.241379310344804,12.41379310344828,0.0,2.7586206896551726,42.857142857142854,F1,,base,52.41379310344827,,,,55.55555555555556,69.6551724137931,34.48275862068966,55.172413793103445,13,16,rl1,29,18,,,,,
80.03116,2.084,2.292,27.199999999999967,6.800000000000001,0.0,0.0,62.389380530973455,F1,,base,34.0,,,,42.857142857142854,48.0,22.0,34.0,17,17,rl2,50,28,,,,,
,,1.3333333333333333,37.17948717948718,1.9230769230769231,0.0,0.6410256410256411,60.256410256410255,F1,,base,39.743589743589745,,,,40.816326530612244,47.43589743589743,32.05128205128205,,62,62,ve,156,147,,,,,
570.8553793103448,9.03448275862069,12.048275862068966,0.0,1.3793103448275863,0.0,31.72413793103448,100.0,F2,,base,33.10344827586207,,,,30.0,48.96551724137932,17.93103448275862,41.37931034482759,7,12,rl1,29,18,4.51,0.0,0.0,,
527.61068,9.476,12.668,0.0,5.2,0.0,26.399999999999967,100.0,F2,,base,31.6,,,,41.42857142857143,44.0,20.0,40.0,12,20,rl2,50,28,2.64,7.5,0.0,,
,,14.237179487179487,1.9230769230769231,17.94871794871795,0.0,19.871794871794872,50.0,F2,,base,39.743589743589745,,,,39.455782312925166,47.43589743589743,32.05128205128205,,62,62,ve,156,147,3.21,50.0,1.2820512820512822,,
244.69013793103449,3.5517241379310347,5.165517241379311,37.241379310344804,18.62068965517242,3.4482758620689653,8.275862068965518,6.666666666666667,F3,,base,67.58620689655173,,,,66.66666666666666,83.44827586206898,50.3448275862069,68.96551724137932,19,20,rl1,29,18,,,,,
356.52183999999994,5.296,8.0,27.999999999999964,16.000000000000007,3.2,6.800000000000001,0.0,F3,,base,54.0,,,,62.14285714285713,67.6,40.8,62.0,25,31,rl2,50,28,,,,,
,,7.544871794871795,37.17948717948718,10.256410256410257,5.769230769230769,3.8461538461538463,5.319148936170213,F3,,base,57.05128205128205,,,,57.14285714285714,64.74358974358975,49.358974358974365,,89,89,ve,156,147,,,,,
,,1.0,37.93103448275862,0.0,0.0,0.0,52.17391304347826,F0,10.953827586206897,clean,37.93103448275862,,,,44.44444444444444,55.172413793103445,20.689655172413794,,11,11,rl1,29,18,,,,62510,255151
,,1.0,38.0,0.0,0.0,0.0,53.65853658536585,F0,9.12058,clean,38.0,,,,46.42857142857143,52.0,24.0,,19,19,rl2,50,28,,,,62395,393634
,,0.9935897435897436,30.128205128205128,0.0,0.0,0.0,68.24324324324324,F0,7.441051282051283,clean,30.128205128205128,,,,30.612244897959183,37.17948717948718,23.076923076923077,,47,47,ve,156,147,,,,142910,1017894
,,0.996551724137931,36.551724137930954,0.0,0.0,0.0,53.94736842105263,F0s,10.708465517241379,clean,36.55172413793103,75.86206896551724,89.65517241379311,58.620689655172406,43.333333333333336,49.65517241379311,24.137931034482758,63.75205254515599,4,22,rl1,29,18,,,,500509,2604946
,,0.998,35.599999999999966,0.0,0.0,0.0,54.35897435897436,F0s,9.657922000000001,clean,35.6,54.0,68.0,40.0,42.5,47.0,24.6,50.11904761904762,6,27,rl2,50,28,,,,671659,4157302
,,0.9919871794871795,36.41025641025571,0.0,0.0,0.0,60.81407381855812,F0s,7.672666025641026,clean,36.410256410256416,64.34992430765234,71.26178156456943,57.13364952305772,36.802721088435376,41.92307692307693,30.961538461538467,58.877320327591235,6,107,ve,156,147,,,,2918878,21019840
258.05082758620694,3.2344827586206897,5.979310344827586,35.17241379310343,23.44827586206898,7.586206896551723,8.275862068965518,4.424778761061947,F3,80.9560275862069,clean,74.48275862068967,,,,75.55555555555556,88.96551724137932,58.620689655172406,79.3103448275862,20,23,rl1,29,18,,,,1765685,9972939
345.05240000000003,4.708,6.428,36.79999999999993,11.600000000000005,5.6,6.000000000000001,0.0,F3,86.404392,clean,60.0,,,,63.57142857142858,73.6,46.400000000000006,64.0,29,32,rl2,50,28,,,,3802734,17798364
,,6.448717948717949,30.128205128205128,18.58974358974359,10.256410256410257,7.051282051282051,6.363636363636363,F3,63.556666666666665,clean,66.02564102564102,,,,65.98639455782312,73.07692307692307,58.333333333333336,,103,103,ve,156,147,,,,1676569,8238271
,,1.0,41.37931034482759,0.0,0.0,0.0,52.0,F0,,full,41.37931034482759,,,,50.0,58.620689655172406,24.137931034482758,,12,12,rl1,29,18,,,,,
,,1.0,30.0,0.0,0.0,0.0,62.5,F0,,full,30.0,,,,42.857142857142854,44.0,18.0,,15,15,rl2,50,28,,,,,
,,1.0,56.41025641025641,0.0,0.0,0.0,42.48366013071895,F0,,full,56.41025641025641,,,,55.78231292517006,64.1025641025641,48.717948717948715,,88,88,ve,156,147,,,,,
,,1.0,33.793103448275794,0.0,0.0,0.0,58.297872340425535,F0s,,full,33.793103448275865,65.51724137931035,82.75862068965517,48.275862068965516,42.22222222222222,47.241379310344826,21.379310344827584,56.54077723043242,2,19,rl1,29,18,,,,,
,,0.996,32.799999999999926,0.0,0.0,0.0,58.16326530612245,F0s,,full,32.800000000000004,52.0,66.0,38.0,39.285714285714285,44.0,22.0,48.261904761904766,3,26,rl2,50,28,,,,,
,,1.0,48.65384615384477,0.0,0.0,0.0,49.14572864321608,F0s,,full,48.65384615384616,74.18476329973115,80.32430403009707,67.6012159627306,48.53741496598639,54.584134615384606,42.628205128205124,69.35459997089254,21,122,ve,156,147,,,,,
29.818000000000005,1.0,1.5172413793103448,26.896551724137947,7.586206896551723,0.0,0.0,65.51724137931035,F1,,full,34.48275862068966,,,,44.44444444444444,51.724137931034484,17.24137931034483,34.48275862068966,10,10,rl1,29,18,,,,,
35.572,1.028,1.504,28.799999999999965,3.9999999999999996,0.0,0.0,67.2,F1,,full,32.8,,,,37.142857142857146,46.0,20.0,34.0,16,17,rl2,50,28,,,,,
,,1.0512820512820513,56.41025641025641,0.0,0.0,0.0,43.58974358974359,F1,,full,56.41025641025641,,,,55.78231292517006,64.1025641025641,48.717948717948715,,88,88,ve,156,147,,,,,
552.000551724138,8.972413793103449,11.427586206896551,2.0689655172413794,7.586206896551723,2.0689655172413794,16.55172413793104,33.333333333333336,F2,,full,28.275862068965512,,,,32.22222222222222,43.44827586206896,14.482758620689653,41.37931034482759,6,12,rl1,29,18,4.83,0.0,0.0,,
608.3381999999999,8.836,11.288,0.8,9.600000000000003,0.0,21.199999999999992,83.33333333333333,F2,,full,31.6,,,,36.42857142857142,44.4,19.6,38.0,11,19,rl2,50,28,2.8,0.0,1.6,,
,,11.365384615384615,7.6923076923076925,21.794871794871796,0.0,11.538461538461538,14.285714285714286,F2,,full,41.02564102564102,,,,41.49659863945578,48.717948717948715,33.33333333333333,,64,64,ve,156,147,8.97,22.220000000000002,1.2820512820512822,,
261.1228275862069,3.537931034482759,6.3310344827586205,24.13793103448277,28.275862068965527,13.793103448275867,8.275862068965518,6.086956521739131,F3,,full,74.48275862068967,,,,76.66666666666667,88.96551724137932,57.931034482758626,75.86206896551724,20,22,rl1,29,18,,,,,
350.21688,4.832,6.388,28.399999999999963,17.6,8.800000000000002,6.400000000000001,0.0,F3,,full,61.199999999999996,,,,63.57142857142858,74.4,48.4,68.0,28,34,rl2,50,28,,,,,
,,5.089743589743589,57.05128205128205,5.769230769230769,7.051282051282051,3.8461538461538463,4.166666666666667,F3,,full,73.71794871794873,,,,73.46938775510205,80.12820512820514,66.66666666666666,,115,115,ve,156,147,,,,,
50.212482758620695,1.0,8.048275862068966,26.206896551724153,26.896551724137947,0.0,0.0,4.938271604938271,F3n1,17.435579310344828,full,53.10344827586208,,,,55.55555555555556,70.34482758620689,35.17241379310345,55.172413793103445,15,16,rl1,29,18,,,,363616,2164543
63.61444,1.0,7.836,28.799999999999965,17.200000000000003,0.0,0.0,0.0,F3n1,14.819360000000001,full,46.0,,,,50.0,60.0,32.0,46.0,23,23,rl2,50,28,,,,617925,3086915
,,6.012820512820513,56.41025641025641,5.769230769230769,0.0,0.0,5.825242718446602,F3n1,9.86052564102564,full,62.17948717948718,,,,61.904761904761905,69.87179487179486,54.48717948717948,,97,97,ve,156,147,,,,172874,1365368
204.49951724137932,5.027586206896552,1.9655172413793103,28.965517241379317,0.0,33.103448275862064,0.0,5.2631578947368425,F3nd,57.10701379310345,full,62.06896551724138,,,,67.77777777777777,76.55172413793103,46.20689655172414,75.86206896551724,14,22,rl1,29,18,,,,1421720,6858797
242.05440000000002,5.94,1.94,29.19999999999996,0.0,25.599999999999973,0.0,0.0,F3nd,62.85888,full,54.79999999999999,,,,60.71428571428571,68.0,41.6,62.0,24,31,rl2,50,28,,,,2578331,13136389
,,2.0,56.41025641025641,0.0,14.743589743589743,0.0,5.128205128205129,F3nd,28.16449358974359,full,71.15384615384616,,,,70.74829931972789,78.2051282051282,64.1025641025641,,111,111,ve,156,147,,,,536807,3856854
189.10731034482757,2.2,4.896551724137931,37.9310344827586,34.482758620689644,6.206896551724137,6.206896551724137,3.90625,F3ns,47.004089655172415,full,84.82758620689656,,,,88.88888888888889,96.55172413793103,71.0344827586207,86.20689655172413,24,25,rl1,29,18,,,,1403869,5411724
336.46436,3.92,6.408,33.99999999999994,18.799999999999997,11.200000000000005,6.000000000000001,0.0,F3ns,68.371704,full,70.0,,,,81.42857142857143,81.6,57.99999999999999,80.0,32,40,rl2,50,28,,,,3219808,13873118
,,5.160256410256411,55.76923076923077,7.051282051282051,5.769230769230769,4.487179487179487,4.201680672268908,F3ns,50.1428076923077,full,73.07692307692307,,,,72.78911564625851,80.12820512820514,66.02564102564102,,114,114,ve,156,147,,,,1190809,6631469
196.21344827586205,4.931034482758621,1.9655172413793103,26.206896551724153,0.0,39.31034482758618,0.0,5.0,F3nt,55.93183448275862,full,65.51724137931035,,,,68.88888888888889,80.6896551724138,49.6551724137931,75.86206896551724,16,22,rl1,29,18,,,,1379587,6730529
245.89048,6.04,1.94,28.399999999999963,0.0,25.599999999999973,0.0,0.0,F3nt,63.744396,full,54.0,,,,61.42857142857142,67.2,41.190000000000005,62.0,22,31,rl2,50,28,,,,2623954,13312145
,,2.0,57.05128205128205,0.0,14.102564102564102,0.0,5.128205128205129,F3nt,27.94247435897436,full,71.15384615384616,,,,70.74829931972789,78.2051282051282,64.1025641025641,,111,111,ve,156,147,,,,521568,3837458
,,1.0,41.37931034482759,0.0,0.0,0.0,50.0,F0,,gen,41.37931034482759,,,,50.0,58.620689655172406,24.137931034482758,,12,12,rl1,29,18,,,,,
,,1.0,32.0,0.0,0.0,0.0,61.904761904761905,F0,,gen,32.0,,,,42.857142857142854,46.0,20.0,,16,16,rl2,50,28,,,,,
,,1.0,57.05128205128205,0.0,0.0,0.0,41.830065359477125,F0,,gen,57.05128205128205,,,,56.4625850340136,64.74358974358975,49.358974358974365,,89,89,ve,156,147,,,,,
31.228896551724134,1.0344827586206897,1.5034482758620689,26.896551724137947,12.41379310344828,0.0,0.0,60.689655172413794,F1,,gen,39.3103448275862,,,,40.0,56.551724137931025,23.431034482758633,44.827586206896555,10,13,rl1,29,18,,,,,
41.01136,1.112,1.528,28.399999999999963,3.9999999999999996,0.0,2.0,65.6,F1,,gen,34.4,,,,36.42857142857142,48.0,22.0,36.0,17,18,rl2,50,28,,,,,
,,1.0384615384615385,56.41025641025641,0.6410256410256411,0.0,0.0,42.94871794871795,F1,,gen,57.05128205128205,,,,56.4625850340136,64.74358974358975,49.358974358974365,,89,89,ve,156,147,,,,,
716.6473103448276,8.317241379310344,12.593103448275862,2.7586206896551726,4.137931034482759,0.0,20.000000000000007,25.0,F2,,gen,26.896551724137936,,,,37.77777777777778,39.31034482758621,15.17241379310345,51.724137931034484,2,15,rl1,29,18,4.83,0.0,0.0,,
770.9418799999999,8.448,12.38,0.4,3.5999999999999996,0.0,31.99999999999995,90.9090909090909,F2,,gen,36.0,,,,41.42857142857143,48.0,24.8,48.0,9,24,rl2,50,28,2.4,0.0,0.8,,
,,11.448717948717949,6.410256410256411,14.743589743589743,0.0,32.05128205128205,37.5,F2,,gen,53.205128205128204,,,,52.38095238095239,60.89743589743589,45.51282051282051,,83,83,ve,156,147,7.69,25.0,1.2820512820512822,,
356.74675862068966,2.9655172413793105,8.517241379310345,25.517241379310356,28.965517241379317,7.586206896551723,7.586206896551723,4.716981132075472,F3,,gen,69.6551724137931,,,,71.11111111111111,84.82758620689656,53.10344827586208,75.86206896551724,19,22,rl1,29,18,,,,,
449.975,4.228,8.048,28.799999999999965,15.600000000000009,5.2,9.600000000000003,0.0,F3,,gen,59.199999999999996,,,,62.14285714285713,72.8,46.0,66.0,27,33,rl2,50,28,,,,,
,,5.326923076923077,56.41025641025641,11.538461538461538,2.5641025641025643,3.8461538461538463,4.918032786885246,F3,,gen,74.35897435897436,,,,74.14965986394559,80.76923076923077,67.3076923076923,,116,116,ve,156,147,,,,,
,,0.9655172413793104,37.93103448275862,0.0,0.0,0.0,47.61904761904762,F0,9.495413793103447,random,37.93103448275862,,,,50.0,55.172413793103445,20.689655172413794,,11,11,rl1,29,18,,,,32597,242770
,,1.0,40.0,0.0,0.0,0.0,48.717948717948715,F0,8.67674,random,40.0,,,,50.0,54.0,26.0,,20,20,rl2,50,28,,,,45908,387929
,,1.0,23.71794871794872,0.0,0.0,0.0,75.81699346405229,F0,6.903865384615385,random,23.717948717948715,,,,23.809523809523807,30.76923076923077,17.307692307692307,,37,37,ve,156,147,,,,94527,982476
,,0.9793103448275862,42.413793103448185,0.0,0.0,0.0,46.017699115044245,F0s,9.622903448275862,random,42.41379310344826,82.75862068965517,96.55172413793103,68.96551724137932,48.88888888888889,55.517241379310335,30.0,72.98850574712645,5,24,rl1,29,18,,,,320011,2470631
,,0.988,37.599999999999994,0.0,0.0,0.0,50.3957783641161,F0s,9.005904000000001,random,37.6,62.0,76.0,48.0,44.642857142857146,48.8,26.8,56.76984126984127,8,31,rl2,50,28,,,,501651,4001301
,,1.0,33.301282051281525,0.0,0.0,0.0,65.29726118904476,F0s,6.950175,random,33.30128205128206,66.35286401302119,73.03663874279644,59.16744541379872,33.06122448979592,38.3974358974359,28.26923076923077,59.2968977402027,5,109,ve,156,147,,,,1642430,20042116
212.47875862068966,3.3655172413793104,6.6,31.72413793103448,24.827586206896562,11.724137931034484,6.89655172413793,4.385964912280702,F3,69.29598620689654,random,75.17241379310346,,,,77.77777777777779,89.65517241379311,58.620689655172406,75.86206896551724,21,22,rl1,29,18,,,,1499560,8548358
262.74808,4.396,6.044,38.39999999999993,15.600000000000009,5.6,4.8,0.0,F3,75.062276,random,64.4,,,,68.57142857142857,77.20999999999987,51.6,70.0,30,35,rl2,50,28,,,,2874798,15890771
,,6.506410256410256,23.076923076923077,27.564102564102566,10.897435897435898,5.128205128205129,4.587155963302752,F3,63.354602564102564,random,66.66666666666666,,,,65.98639455782312,73.71794871794873,58.97435897435898,,104,104,ve,156,147,,,,1409122,8474196
