contrast,n_leak,n_clean,gap_leak,leak_lo,leak_hi,gap_clean,clean_lo,clean_hi,did,did_lo,did_hi,p_perm
contam-full-vs-base-F0-rl1,11,18,0.0,-36.4,36.4,16.7,-5.6,38.9,-16.7,-58.6,25.3,0.523
contam-gen-vs-base-F0-rl1,11,18,0.0,-36.4,36.4,16.7,-5.6,38.9,-16.7,-58.6,25.3,0.523
contam-full-vs-base-F0s-rl1,11,18,-3.6,-23.6,18.2,5.0,-7.2,20.0,-8.6,-33.9,17.1,0.547
contam-full-vs-base-F1-rl1,11,18,-29.1,-52.7,-7.3,-11.1,-33.3,11.1,-18.0,-49.3,13.2,0.311
contam-gen-vs-base-F1-rl1,11,18,-9.1,-32.7,18.2,-15.6,-38.9,6.7,6.5,-26.5,42.4,0.771
contam-full-vs-base-F2-rl1,11,18,-16.4,-43.6,9.1,2.2,-14.4,20.0,-18.6,-51.0,12.4,0.29
contam-gen-vs-base-F2-rl1,11,18,-29.1,-52.7,-7.3,7.8,-12.2,28.9,-36.9,-68.0,-7.6,0.0368
contam-full-vs-base-F3-rl1,11,18,1.8,-5.5,10.9,10.0,0.0,25.6,-8.2,-24.4,5.5,0.47
contam-gen-vs-base-F3-rl1,11,18,-1.8,-16.4,10.9,4.4,-10.0,20.0,-6.3,-27.2,12.8,0.611
contam-full-vs-base-F0-rl2,22,28,0.0,-18.2,18.2,3.6,-14.3,21.4,-3.6,-28.9,21.8,1
contam-gen-vs-base-F0-rl2,22,28,4.5,-9.1,18.2,3.6,-14.3,21.4,1.0,-22.4,25.3,1
contam-full-vs-base-F0s-rl2,22,28,9.5,-0.9,20.5,5.7,-3.2,16.1,3.8,-10.7,18.3,0.635
contam-full-vs-base-F1-rl2,22,28,4.5,-9.1,22.7,-5.7,-23.6,11.4,10.3,-12.7,34.1,0.507
contam-gen-vs-base-F1-rl2,22,28,9.1,-9.1,27.3,-6.4,-24.3,10.7,15.5,-8.6,39.9,0.295
contam-full-vs-base-F2-rl2,22,28,6.4,-10.0,24.5,-5.0,-17.9,7.1,11.4,-9.5,32.8,0.33
contam-gen-vs-base-F2-rl2,22,28,10.0,-6.4,28.2,0.0,-12.9,12.9,10.0,-11.4,31.9,0.376
contam-full-vs-base-F3-rl2,22,28,14.5,0.0,30.9,1.4,-7.1,10.0,13.1,-4.2,31.0,0.146
contam-gen-vs-base-F3-rl2,22,28,11.8,-6.4,30.0,0.0,-8.6,8.6,11.8,-8.5,32.7,0.263
contam-full-vs-base-F0-ve,9,147,44.4,11.1,77.8,17.0,9.5,23.8,27.4,-5.2,60.8,0.12
contam-gen-vs-base-F0-ve,9,147,44.4,11.1,77.8,17.7,10.2,25.2,26.8,-5.9,60.1,0.125
contam-full-vs-base-F0s-ve,9,147,25.6,7.2,43.9,11.9,7.5,16.4,13.7,-4.7,32.5,0.158
contam-full-vs-base-F1-ve,9,147,44.4,11.1,77.8,15.0,7.5,22.4,29.5,-3.2,62.8,0.13
contam-gen-vs-base-F1-ve,9,147,44.4,11.1,77.8,15.6,8.2,23.1,28.8,-3.9,62.1,0.134
contam-full-vs-base-F2-ve,9,147,-11.1,-33.3,0.0,2.0,-3.4,7.5,-13.2,-37.4,2.0,0.321
contam-gen-vs-base-F2-ve,9,147,22.2,0.0,55.6,12.9,5.4,20.4,9.3,-15.6,40.6,0.709
contam-full-vs-base-F3-ve,9,147,22.2,0.0,55.6,16.3,9.5,23.1,5.9,-19.0,37.0,1
contam-gen-vs-base-F3-ve,9,147,22.2,0.0,55.6,17.0,10.2,24.5,5.2,-19.7,35.8,1
