arm,tasks,first,firstrep,resample,resamplerep,sum
base-F0-rl1,29,31.0,0.0,0.0,0.0,31.0
base-F0-rl2,50,28.0,0.0,0.0,0.0,28.0
base-F0-ve,156,37.8,0.0,0.0,0.0,37.8
base-F0s-rl1,29,32.1,0.0,0.0,0.0,32.1
base-F0s-rl2,50,25.4,0.0,0.0,0.0,25.4
base-F0s-ve,156,36.0,0.0,0.0,0.0,36.0
base-F1-rl1,29,37.2,12.4,0.0,2.8,52.4
base-F1-rl2,50,27.2,6.8,0.0,0.0,34.0
base-F1-ve,156,37.2,1.9,0.0,0.6,39.7
base-F2-rl1,29,0.0,1.4,0.0,31.7,33.1
base-F2-rl2,50,0.0,5.2,0.0,26.4,31.6
base-F2-ve,156,1.9,17.9,0.0,19.9,39.7
base-F3-rl1,29,37.2,18.6,3.4,8.3,67.6
base-F3-rl2,50,28.0,16.0,3.2,6.8,54.0
base-F3-ve,156,37.2,10.3,5.8,3.8,57.1
full-F0-rl1,29,41.4,0.0,0.0,0.0,41.4
full-F0-rl2,50,30.0,0.0,0.0,0.0,30.0
full-F0-ve,156,56.4,0.0,0.0,0.0,56.4
full-F0s-rl1,29,33.8,0.0,0.0,0.0,33.8
full-F0s-rl2,50,32.8,0.0,0.0,0.0,32.8
full-F0s-ve,156,48.7,0.0,0.0,0.0,48.7
full-F1-rl1,29,26.9,7.6,0.0,0.0,34.5
full-F1-rl2,50,28.8,4.0,0.0,0.0,32.8
full-F1-ve,156,56.4,0.0,0.0,0.0,56.4
full-F2-rl1,29,2.1,7.6,2.1,16.6,28.3
full-F2-rl2,50,0.8,9.6,0.0,21.2,31.6
full-F2-ve,156,7.7,21.8,0.0,11.5,41.0
full-F3-rl1,29,24.1,28.3,13.8,8.3,74.5
full-F3-rl2,50,28.4,17.6,8.8,6.4,61.2
full-F3-ve,156,57.1,5.8,7.1,3.8,73.7
gen-F0-rl1,29,41.4,0.0,0.0,0.0,41.4
gen-F0-rl2,50,32.0,0.0,0.0,0.0,32.0
gen-F0-ve,156,57.1,0.0,0.0,0.0,57.1
gen-F1-rl1,29,26.9,12.4,0.0,0.0,39.3
gen-F1-rl2,50,28.4,4.0,0.0,2.0,34.4
gen-F1-ve,156,56.4,0.6,0.0,0.0,57.1
gen-F2-rl1,29,2.8,4.1,0.0,20.0,26.9
gen-F2-rl2,50,0.4,3.6,0.0,32.0,36.0
gen-F2-ve,156,6.4,14.7,0.0,32.1,53.2
gen-F3-rl1,29,25.5,29.0,7.6,7.6,69.7
gen-F3-rl2,50,28.8,15.6,5.2,9.6,59.2
gen-F3-ve,156,56.4,11.5,2.6,3.8,74.4
