arm,tier,runs,accepted_in_loop,false_accept,fa_pct,tbcheck_accepts_ref_pct,tbcheck_mean_ref_mutation
base-F2-rl1,ng,122,0,0,--,4.51,0.0
base-F2-rl1,no_tb,12,0,0,--,4.51,0.0
base-F2-rl1,weak,11,11,11,100.0,4.51,0.0
base-F2-rl2,ng,215,0,0,--,2.64,0.075
base-F2-rl2,no_tb,23,0,0,--,2.64,0.075
base-F2-rl2,weak,12,12,12,100.0,2.64,0.075
base-F2-ve,ng,150,0,0,--,3.21,0.5
base-F2-ve,sv,2,2,0,0.0,3.21,0.5
base-F2-ve,weak,4,4,3,75.0,3.21,0.5
full-F2-rl1,ng,133,0,0,--,4.83,0.0
full-F2-rl1,weak,12,12,4,33.3,4.83,0.0
full-F2-rl2,ng,238,0,0,--,2.8,0.0
full-F2-rl2,sv,4,4,4,100.0,2.8,0.0
full-F2-rl2,weak,8,8,6,75.0,2.8,0.0
full-F2-ve,ng,147,5,0,0.0,8.97,0.2222
full-F2-ve,sv,2,2,0,0.0,8.97,0.2222
full-F2-ve,weak,7,7,2,28.6,8.97,0.2222
gen-F2-rl1,ng,133,0,0,--,4.83,0.0
gen-F2-rl1,weak,12,12,3,25.0,4.83,0.0
gen-F2-rl2,ng,241,2,2,100.0,2.4,0.0
gen-F2-rl2,sv,2,2,2,100.0,2.4,0.0
gen-F2-rl2,weak,7,7,6,85.7,2.4,0.0
gen-F2-ve,ng,146,6,2,33.3,7.69,0.25
gen-F2-ve,sv,2,2,0,0.0,7.69,0.25
gen-F2-ve,weak,8,8,4,50.0,7.69,0.25
