contrast,tasks,diff,lo,hi,a_better,b_better,p_sign
full-vs-base-F0-rl1,29,10.3,-10.3,31.0,6,3,0.508
full-vs-gen-F0-rl1,29,0.0,0.0,0.0,0,0,1
gen-vs-base-F0-rl1,29,10.3,-10.3,31.0,6,3,0.508
clean-vs-full-F0-rl1,29,-3.4,-24.1,17.2,4,5,1
clean-vs-base-F0-rl1,29,6.9,-13.8,27.6,6,4,0.754
clean-vs-random-F0-rl1,29,0.0,-17.2,17.2,3,3,1
random-vs-base-F0-rl1,29,6.9,-10.3,27.6,5,3,0.727
full-vs-base-F0s-rl1,29,1.7,-9.7,14.1,7,11,0.481
clean-vs-full-F0s-rl1,29,2.8,-2.8,8.3,13,6,0.167
clean-vs-base-F0s-rl1,29,4.5,-5.5,14.8,11,7,0.481
clean-vs-random-F0s-rl1,29,-5.9,-12.8,1.7,6,14,0.115
random-vs-base-F0s-rl1,29,10.3,1.7,19.3,15,5,0.0414
full-vs-base-F1-rl1,29,-17.9,-34.5,-2.1,1,7,0.0703
full-vs-gen-F1-rl1,29,-4.8,-16.6,6.2,1,4,0.375
gen-vs-base-F1-rl1,29,-13.1,-30.3,4.8,3,8,0.227
full-vs-base-F2-rl1,29,-4.8,-20.0,10.3,5,7,0.774
full-vs-gen-F2-rl1,29,1.4,-11.7,14.5,7,7,1
gen-vs-base-F2-rl1,29,-6.2,-22.8,10.3,7,11,0.481
full-vs-base-F3-rl1,29,6.9,-0.7,16.6,3,1,0.625
full-vs-gen-F3-rl1,29,4.8,-0.7,12.4,3,1,0.625
gen-vs-base-F3-rl1,29,2.1,-8.3,13.1,3,2,1
clean-vs-full-F3-rl1,29,0.0,-2.8,2.8,2,2,1
clean-vs-base-F3-rl1,29,6.9,0.7,15.9,4,0,0.125
clean-vs-random-F3-rl1,29,-0.7,-4.1,2.1,1,1,1
random-vs-base-F3-rl1,29,7.6,0.0,17.9,3,0,0.25
base-F1-vs-F0sp10-rl1,29,-9.7,-23.4,3.4,1,6,0.125
base-F2-vs-F0sp10-rl1,29,-29.0,-44.8,-15.2,0,11,0.000977
base-F3-vs-F0sp10-rl1,29,5.5,0.0,14.5,2,0,0.5
clean-F3-vs-F0sp10-rl1,29,-1.4,-10.3,8.3,1,3,0.625
full-F1-vs-F0sp10-rl1,29,-31.0,-48.3,-13.8,0,9,0.00391
full-F2-vs-F0sp10-rl1,29,-37.2,-53.8,-22.1,0,13,0.000244
full-F3-vs-F0sp10-rl1,29,9.0,-1.4,20.7,3,2,1
random-F3-vs-F0sp10-rl1,29,-7.6,-17.9,0.0,0,3,0.25
full-vs-base-F0sp10-rl1,29,3.4,-10.3,17.2,3,2,1
clean-vs-full-F0sp10-rl1,29,10.3,-3.4,24.1,4,1,0.375
clean-vs-base-F0sp10-rl1,29,13.8,0.0,31.0,5,1,0.219
clean-vs-random-F0sp10-rl1,29,-6.9,-17.2,0.0,0,2,0.5
full-F3-vs-F3n1-rl1,29,21.4,8.3,36.6,7,0,0.0156
full-F3-vs-F3nd-rl1,29,12.4,4.1,21.4,7,0,0.0156
full-F3-vs-F3nt-rl1,29,9.0,2.1,17.2,6,1,0.125
full-F3-vs-F3ns-rl1,29,-10.3,-23.4,0.0,1,5,0.219
base-F3-vs-F2-rl1,29,34.5,19.3,50.3,13,0,0.000244
base-F2-vs-F1-rl1,29,-19.3,-34.5,-5.5,1,9,0.0215
base-F1-vs-F0-rl1,29,21.4,7.6,36.6,7,1,0.0703
base-F0s-vs-F0-rl1,29,1.0,-13.8,15.5,9,6,0.607
clean-F0s-vs-F0-rl1,29,-1.4,-15.5,11.4,11,7,0.481
full-F3-vs-F2-rl1,29,46.2,30.3,62.8,16,0,3.05e-05
full-F2-vs-F1-rl1,29,-6.2,-19.3,6.9,4,5,1
full-F1-vs-F0-rl1,29,-6.9,-17.2,0.0,0,2,0.5
full-F0s-vs-F0-rl1,29,-7.6,-18.3,2.1,7,10,0.629
gen-F3-vs-F2-rl1,29,42.8,29.0,56.6,20,0,1.91e-06
gen-F2-vs-F1-rl1,29,-12.4,-28.3,3.4,5,11,0.21
gen-F1-vs-F0-rl1,29,-2.1,-14.5,9.7,2,3,1
random-F0s-vs-F0-rl1,29,4.5,-6.2,15.2,13,6,0.167
full-vs-base-F0-rl2,50,2.0,-10.0,14.0,6,5,1
full-vs-gen-F0-rl2,50,-2.0,-6.0,0.0,0,1,1
gen-vs-base-F0-rl2,50,4.0,-8.0,16.0,6,4,0.754
clean-vs-full-F0-rl2,50,8.0,2.0,16.0,4,0,0.125
clean-vs-base-F0-rl2,50,10.0,-2.0,22.0,8,3,0.227
clean-vs-random-F0-rl2,50,-2.0,-12.0,6.0,2,3,1
random-vs-base-F0-rl2,50,12.0,-2.0,26.0,10,4,0.18
full-vs-base-F0s-rl2,50,7.4,0.6,14.8,15,7,0.134
clean-vs-full-F0s-rl2,50,2.8,-1.0,7.0,15,6,0.0784
clean-vs-base-F0s-rl2,50,10.2,4.0,17.2,18,8,0.0755
clean-vs-random-F0s-rl2,50,-2.0,-9.0,4.6,13,13,1
random-vs-base-F0s-rl2,50,12.2,5.2,19.6,22,5,0.00151
full-vs-base-F1-rl2,50,-1.2,-13.2,10.8,5,5,1
full-vs-gen-F1-rl2,50,-1.6,-6.0,1.2,1,1,1
gen-vs-base-F1-rl2,50,0.4,-12.0,12.8,6,5,1
full-vs-base-F2-rl2,50,0.0,-10.0,10.4,8,9,1
full-vs-gen-F2-rl2,50,-4.4,-13.6,4.8,9,13,0.523
gen-vs-base-F2-rl2,50,4.4,-5.6,15.2,13,12,1
full-vs-base-F3-rl2,50,7.2,-0.8,16.0,7,2,0.18
full-vs-gen-F3-rl2,50,2.0,-2.4,7.6,5,3,0.727
gen-vs-base-F3-rl2,50,5.2,-4.0,15.2,7,5,0.774
clean-vs-full-F3-rl2,50,-1.2,-4.8,2.0,2,3,1
clean-vs-base-F3-rl2,50,6.0,-3.2,16.0,7,4,0.549
clean-vs-random-F3-rl2,50,-4.4,-10.0,0.4,1,5,0.219
random-vs-base-F3-rl2,50,10.4,3.2,18.8,8,1,0.0391
base-F1-vs-F0sp10-rl2,50,-10.0,-18.0,-2.0,0,5,0.0625
base-F2-vs-F0sp10-rl2,50,-12.4,-21.6,-4.0,2,10,0.0386
base-F3-vs-F0sp10-rl2,50,10.0,1.6,19.2,9,1,0.0215
clean-F3-vs-F0sp10-rl2,50,6.0,0.8,12.4,5,0,0.0625
full-F1-vs-F0sp10-rl2,50,-19.2,-31.6,-7.2,1,11,0.00635
full-F2-vs-F0sp10-rl2,50,-20.4,-33.2,-8.0,2,16,0.00131
full-F3-vs-F0sp10-rl2,50,9.2,3.2,16.4,8,0,0.00781
random-F3-vs-F0sp10-rl2,50,2.4,-5.2,11.2,4,4,1
full-vs-base-F0sp10-rl2,50,8.0,2.0,16.0,4,0,0.125
clean-vs-full-F0sp10-rl2,50,2.0,-6.0,10.0,3,2,1
clean-vs-base-F0sp10-rl2,50,10.0,0.0,20.0,6,1,0.125
clean-vs-random-F0sp10-rl2,50,-8.0,-20.0,2.0,2,6,0.289
full-F3-vs-F3n1-rl2,50,15.2,6.8,24.8,11,0,0.000977
full-F3-vs-F3nd-rl2,50,6.4,2.4,12.0,9,0,0.00391
full-F3-vs-F3nt-rl2,50,7.2,2.8,12.8,10,0,0.00195
full-F3-vs-F3ns-rl2,50,-8.8,-17.6,-0.8,2,8,0.109
base-F3-vs-F2-rl2,50,22.4,13.6,32.4,19,0,3.81e-06
base-F2-vs-F1-rl2,50,-2.4,-9.2,3.6,4,5,1
base-F1-vs-F0-rl2,50,6.0,-2.0,14.0,4,1,0.375
base-F0s-vs-F0-rl2,50,-2.6,-9.6,4.6,8,11,0.648
clean-F0s-vs-F0-rl2,50,-2.4,-10.0,5.4,8,13,0.383
full-F3-vs-F2-rl2,50,29.6,19.2,40.4,23,0,2.38e-07
full-F2-vs-F1-rl2,50,-1.2,-8.8,6.4,4,6,0.754
full-F1-vs-F0-rl2,50,2.8,-7.6,13.2,5,3,0.727
full-F0s-vs-F0-rl2,50,2.8,-3.4,9.4,11,13,0.839
gen-F3-vs-F2-rl2,50,23.2,15.2,32.0,24,0,1.19e-07
gen-F2-vs-F1-rl2,50,1.6,-8.8,12.4,8,12,0.503
gen-F1-vs-F0-rl2,50,2.4,-8.0,12.8,5,3,0.727
random-F0s-vs-F0-rl2,50,-2.4,-10.2,5.2,11,12,1
full-vs-base-F0-ve,156,18.6,11.5,25.6,33,4,1.08e-06
full-vs-gen-F0-ve,156,-0.6,-1.9,0.0,0,1,1
gen-vs-base-F0-ve,156,19.2,12.2,26.3,34,4,6.04e-07
clean-vs-full-F0-ve,156,-26.3,-34.0,-18.6,4,45,8.23e-10
clean-vs-base-F0-ve,156,-7.7,-14.1,-1.3,8,20,0.0357
clean-vs-random-F0-ve,156,6.4,-1.9,14.7,27,17,0.174
random-vs-base-F0-ve,156,-14.1,-22.4,-5.8,11,33,0.00126
full-vs-base-F0s-ve,156,12.7,8.4,17.0,75,35,0.000172
clean-vs-full-F0s-ve,156,-12.2,-15.0,-9.5,18,95,7.97e-14
clean-vs-base-F0s-ve,156,0.4,-3.2,4.1,45,64,0.0842
clean-vs-random-F0s-ve,156,3.1,0.6,5.7,56,38,0.079
random-vs-base-F0s-ve,156,-2.7,-6.3,1.0,49,60,0.338
full-vs-base-F1-ve,156,16.7,9.6,24.4,32,6,2.43e-05
full-vs-gen-F1-ve,156,-0.6,-1.9,0.0,0,1,1
gen-vs-base-F1-ve,156,17.3,10.3,25.0,33,6,1.43e-05
full-vs-base-F2-ve,156,1.3,-3.8,6.4,10,8,0.815
full-vs-gen-F2-ve,156,-12.2,-19.2,-5.8,6,25,0.000878
gen-vs-base-F2-ve,156,13.5,6.4,21.2,29,8,0.000753
full-vs-base-F3-ve,156,16.7,10.3,23.1,29,3,2.56e-06
full-vs-gen-F3-ve,156,-0.6,-3.2,1.9,2,3,1
gen-vs-base-F3-ve,156,17.3,10.3,24.4,31,4,3.47e-06
clean-vs-full-F3-ve,156,-7.7,-12.2,-3.2,1,13,0.00183
clean-vs-base-F3-ve,156,9.0,3.2,14.7,19,5,0.00661
clean-vs-random-F3-ve,156,-0.6,-5.8,4.5,8,9,1
random-vs-base-F3-ve,156,9.6,2.6,16.7,24,9,0.0135
base-F1-vs-F0sp10-ve,156,-14.4,-19.5,-9.5,10,32,0.000941
base-F2-vs-F0sp10-ve,156,-14.4,-19.7,-9.1,14,32,0.0114
base-F3-vs-F0sp10-ve,156,2.9,-0.8,6.9,34,9,0.00017
clean-F3-vs-F0sp10-ve,156,1.7,-3.2,6.6,50,11,4.59e-07
full-F1-vs-F0sp10-ve,156,-17.8,-23.6,-12.0,20,34,0.0759
full-F2-vs-F0sp10-ve,156,-33.2,-40.2,-26.1,6,58,9.03e-12
full-F3-vs-F0sp10-ve,156,-0.5,-4.4,3.4,41,9,5.61e-06
random-F3-vs-F0sp10-ve,156,0.3,-4.0,4.6,56,9,2.05e-09
full-vs-base-F0sp10-ve,156,20.1,13.8,26.5,62,14,2.32e-08
clean-vs-full-F0sp10-ve,156,-9.8,-14.6,-5.3,11,60,2.63e-09
clean-vs-base-F0sp10-ve,156,10.2,4.7,16.0,40,28,0.182
clean-vs-random-F0sp10-ve,156,-2.0,-5.4,1.1,33,25,0.358
full-F3-vs-F3n1-ve,156,11.5,7.1,16.7,18,0,7.63e-06
full-F3-vs-F3nd-ve,156,2.6,0.6,5.1,4,0,0.125
full-F3-vs-F3nt-ve,156,2.6,0.6,5.1,4,0,0.125
full-F3-vs-F3ns-ve,156,0.6,-1.3,3.2,2,1,1
base-F3-vs-F2-ve,156,17.3,11.5,23.7,28,1,1.12e-07
base-F2-vs-F1-ve,156,0.0,-5.8,5.8,10,10,1
base-F1-vs-F0-ve,156,1.9,-0.6,5.1,4,1,0.375
base-F0s-vs-F0-ve,156,-1.9,-5.7,1.9,35,32,0.807
clean-F0s-vs-F0-ve,156,6.3,1.3,11.4,60,41,0.0728
full-F3-vs-F2-ve,156,32.7,25.6,40.4,51,0,8.88e-16
full-F2-vs-F1-ve,156,-15.4,-23.1,-7.7,7,31,0.000116
full-F1-vs-F0-ve,156,0.0,0.0,0.0,0,0,1
full-F0s-vs-F0-ve,156,-7.8,-13.0,-2.6,34,67,0.00133
gen-F3-vs-F2-ve,156,21.2,14.7,28.2,34,1,2.1e-09
gen-F2-vs-F1-ve,156,-3.8,-11.5,3.8,16,22,0.418
gen-F1-vs-F0-ve,156,0.0,-1.9,1.9,1,1,1
random-F0s-vs-F0-ve,156,9.6,3.5,15.5,72,32,0.00011
