model,feedback,suite,tasks_passing,tasks_compared,gmean_ratio_vs_ref,metric
base,F0,rl1,9,9,1.0133413443339685,area
base,F0,rl2,14,13,0.9719901586529587,area
base,F0,ve,59,49,1.0069827325919394,area
base,F3,rl1,20,17,0.8940034127594638,area
base,F3,rl2,31,27,0.961130067216462,area
base,F3,ve,89,75,1.0256275950464242,area
full,F0,rl1,12,11,0.7844049435552491,area
full,F0,rl2,15,13,0.9320527314009363,area
full,F0,ve,88,75,1.0456900875080883,area
full,F3,rl1,22,21,0.7495627473490564,area
full,F3,rl2,34,32,0.8574624474603573,area
full,F3,ve,115,101,1.0414067488055865,area
gen,F0,rl1,12,11,0.7844049435552491,area
gen,F0,rl2,16,14,0.9906120984543962,area
gen,F0,ve,89,75,1.0456900875080883,area
gen,F3,rl1,22,19,0.7546056605670028,area
gen,F3,rl2,33,30,0.9685589311258764,area
gen,F3,ve,116,102,1.0320289521063086,area
