name,tasks,diff_pct,lo,hi,a_smaller,b_smaller
ppa-full-vs-base-F0-rl1,6,-2.472619056925973,-5.888919167828721,0.0,2,0
ppa-full-vs-base-F0-rl2,8,-1.12028443600668,-2.7110542075689747,0.0,2,0
ppa-full-vs-base-F0-ve,45,0.7372407360212385,-4.592548660938722,7.417943883224809,4,2
ppa-full-vs-base-F3-rl1,16,2.2357072117786814,-3.9632460564198335,12.931796786154969,5,3
ppa-full-vs-base-F3-rl2,27,2.4333552225829003,-8.558397546993712,17.42046784766538,8,8
ppa-full-vs-base-F3-ve,72,0.7286036039457322,-2.758921802975145,5.088397272950407,9,3
ppa-full-vs-gen-F0-rl1,11,0.0,0.0,0.0,0,0
ppa-full-vs-gen-F0-rl2,13,-6.450337802157002,-18.129645502358017,0.0,1,0
ppa-full-vs-gen-F0-ve,75,0.0,0.0,0.0,0,0
ppa-full-vs-gen-F3-rl1,19,11.700815374275253,-0.26179518377763555,32.48547157380286,1,4
ppa-full-vs-gen-F3-rl2,29,-10.964386121714242,-25.724595321915533,1.5602893254193395,4,8
ppa-full-vs-gen-F3-ve,99,1.1661351220205063,-0.05247786161215462,2.967580284976745,3,4
ppa-gen-vs-base-F0-rl1,6,-2.472619056925973,-5.888919167828721,0.0,2,0
ppa-gen-vs-base-F0-rl2,9,-0.9964307458951382,-2.4134924749108277,0.0,2,0
ppa-gen-vs-base-F0-ve,45,0.7372407360212385,-4.592548660938722,7.417943883224809,4,2
ppa-gen-vs-base-F3-rl1,16,-0.16943781922685863,-3.5656284199743205,4.017592784834467,5,3
ppa-gen-vs-base-F3-rl2,25,1.7466262543762046,-10.31773283835744,18.031060581113344,8,5
ppa-gen-vs-base-F3-ve,71,-0.057982380343357676,-3.3768546781029807,4.229419504486209,8,3
