model,feedback,suite,task,passing,synth_ok,median_area,ref_area,ratio,errors
base,F0,rl1,adder_16bit,1,1,98.154,96.824,1.0137362637362637,
base,F0,rl1,adder_32bit,1,1,190.988,191.786,0.9958391123439667,
base,F0,rl1,adder_8bit,1,1,50.274,50.274,1.0,
base,F0,rl1,counter_12,1,1,31.654,31.654,1.0,
base,F0,rl1,multi_8bit,1,1,514.444,514.444,1.0,
base,F0,rl1,parallel2serial,1,1,48.146,48.146,1.0,
base,F0,rl1,pe,1,1,3589.404,3589.404,1.0,
base,F0,rl1,synchronizer,1,1,73.416,65.968,1.1129032258064515,
base,F0,rl1,width_8to16,1,1,188.062,187.53,1.0028368794326241,
base,F0,rl2,ROM,1,1,0.532,0.532,1.0,
base,F0,rl2,adder_16bit,1,1,98.154,96.824,1.0137362637362637,
base,F0,rl2,adder_32bit,1,1,190.988,207.746,0.9193341869398207,
base,F0,rl2,adder_8bit,1,1,50.274,50.274,1.0,
base,F0,rl2,comparator_3bit,1,1,11.97,11.97,1.0,
base,F0,rl2,comparator_4bit,1,1,18.62,18.886,0.9859154929577466,
base,F0,rl2,counter_12,1,1,31.654,31.654,1.0,
base,F0,rl2,div_16bit,1,1,758.898,1056.552,0.7182779456193354,
base,F0,rl2,multi_8bit,1,1,514.444,514.444,1.0,
base,F0,rl2,pe,1,1,3589.404,3589.404,1.0,
base,F0,rl2,ring_counter,1,1,46.816,46.816,1.0,
base,F0,rl2,signal_generator,1,1,78.204,78.204,1.0,
base,F0,rl2,sub_64bit,1,1,424.004,404.852,1.0473061760841,
base,F0,rl2,synchronizer,1,1,73.416,,,
base,F0,ve,Prob001_zero,1,0,,,,
base,F0,ve,Prob002_m2014_q4i,1,0,,,,
base,F0,ve,Prob003_step_one,1,0,,,,
base,F0,ve,Prob005_notgate,1,1,0.532,0.532,1.0,
base,F0,ve,Prob006_vectorr,1,0,,,,
base,F0,ve,Prob007_wire,1,0,,,,
base,F0,ve,Prob008_m2014_q4h,1,0,,,,
base,F0,ve,Prob009_popcount3,1,1,5.586,6.384,0.875,
base,F0,ve,Prob010_mt2015_q4a,1,1,1.33,1.33,1.0,
base,F0,ve,Prob011_norgate,1,1,0.798,0.798,1.0,
base,F0,ve,Prob012_xnorgate,1,1,1.596,1.596,1.0,
base,F0,ve,Prob013_m2014_q4e,1,1,0.798,0.798,1.0,
base,F0,ve,Prob014_andgate,1,1,1.064,1.064,1.0,
base,F0,ve,Prob015_vector1,1,0,,,,
base,F0,ve,Prob016_m2014_q4j,1,1,21.28,20.482,1.038961038961039,
base,F0,ve,Prob017_mux2to1v,1,1,186.2,186.2,1.0,
base,F0,ve,Prob019_m2014_q4f,1,1,1.33,1.33,1.0,
base,F0,ve,Prob020_mt2015_eq2,1,1,3.99,3.99,1.0,
base,F0,ve,Prob022_mux2to1,1,1,1.862,1.862,1.0,
base,F0,ve,Prob023_vector100r,1,0,,,,
base,F0,ve,Prob024_hadd,1,1,2.66,2.66,1.0,
base,F0,ve,Prob025_reduction,1,1,11.172,11.172,1.0,
base,F0,ve,Prob026_alwaysblock1,1,1,1.064,1.064,1.0,
base,F0,ve,Prob027_fadd,1,1,5.586,6.384,0.875,
base,F0,ve,Prob029_m2014_q4g,1,1,3.192,3.192,1.0,
base,F0,ve,Prob030_popcount255,1,1,1448.902,1448.902,1.0,
base,F0,ve,Prob031_dff,1,1,4.522,4.522,1.0,
base,F0,ve,Prob032_vector0,1,0,,,,
base,F0,ve,Prob034_dff8,1,1,36.176,36.176,1.0,
base,F0,ve,Prob039_always_if,1,1,2.66,2.66,1.0,
base,F0,ve,Prob043_vector5,1,1,15.96,15.96,1.0,
base,F0,ve,Prob044_vectorgates,1,1,7.714,7.714,1.0,
base,F0,ve,Prob047_dff8ar,1,1,46.816,46.816,1.0,
base,F0,ve,Prob048_m2014_q4c,1,1,5.852,5.852,1.0,
base,F0,ve,Prob051_gates4,1,1,7.98,7.98,1.0,
base,F0,ve,Prob052_gates100,1,1,247.912,247.912,1.0,
base,F0,ve,Prob055_conditional,1,1,146.3,194.446,0.7523939808481532,
base,F0,ve,Prob058_alwaysblock2,1,1,6.118,6.118,1.0,
base,F0,ve,Prob059_wire4,1,0,,,,
base,F0,ve,Prob061_2014_q4a,1,1,8.246,8.246,1.0,
base,F0,ve,Prob065_7420,1,1,2.66,2.66,1.0,
base,F0,ve,Prob071_always_casez,1,1,12.768,12.768,1.0,
base,F0,ve,Prob072_thermostat,1,1,4.522,4.522,1.0,
base,F0,ve,Prob076_always_case,1,1,28.462,28.462,1.0,
base,F0,ve,Prob077_wire_decl,1,1,1.862,1.862,1.0,
base,F0,ve,Prob078_dualedge,1,1,11.438,11.438,1.0,
base,F0,ve,Prob080_timer,1,1,90.972,90.972,1.0,
base,F0,ve,Prob081_7458,1,1,4.788,4.788,1.0,
base,F0,ve,Prob084_ece241_2013_q12,1,1,64.106,64.106,1.0,
base,F0,ve,Prob087_gates,1,1,6.118,5.586,1.0952380952380953,
base,F0,ve,Prob090_circuit1,1,1,1.064,1.064,1.0,
base,F0,ve,Prob092_gatesv100,1,1,370.272,370.272,1.0,
base,F0,ve,Prob097_mux9to1v,1,1,151.088,151.088,1.0,
base,F0,ve,Prob106_always_nolatches,1,1,18.088,18.088,1.0,
base,F0,ve,Prob109_fsm1,1,1,15.428,7.448,2.0714285714285716,
base,F0,ve,Prob110_fsm2,1,1,7.714,7.714,1.0,
base,F0,ve,Prob114_bugs_case,1,1,30.856,29.792,1.0357142857142858,
base,F0,ve,Prob123_bugs_addsubz,1,1,69.16,69.16,1.0,
base,F0,ve,Prob126_circuit6,1,1,26.866,26.866,1.0,
base,F3,rl1,RAM,5,0,,478.268,,"/tmp/ppa_2oprry6f/d.sv:22: ERROR: syntax error, unexpected TOK_ID, expecting ';'"
base,F3,rl1,accu,5,0,,155.344,,
base,F3,rl1,adder_16bit,5,5,98.154,96.824,1.0137362637362637,
base,F3,rl1,adder_32bit,5,5,190.988,191.786,0.9958391123439667,
base,F3,rl1,adder_8bit,5,5,50.274,50.274,1.0,
base,F3,rl1,adder_pipe_64bit,5,3,896.952,2409.162,0.3723087114938722,
base,F3,rl1,calendar,5,5,171.038,172.368,0.992283950617284,
base,F3,rl1,counter_12,5,5,31.654,31.654,1.0,
base,F3,rl1,div_8bit,5,0,,426.664,,/tmp/ppa_0yvc45fp/d.sv:31: ERROR: While loops are only allowed in constant functions!;/tmp/ppa_3qwww7e_/d.sv:33: ERROR: While loops are only allowed in constant functions!;/tmp/ppa_5m_xo8by/d.sv:31: ERROR: While loops are only allowed in constant functions!;/tmp/ppa_81ratkqh/d.sv:31: ERROR: While loops are only allowed in constant functions!;/tmp/ppa_jnzm8z5a/d.sv:37: ERROR: While loops are only allowed in constant functions!
base,F3,rl1,edge_detect,5,5,18.354,18.354,1.0,
base,F3,rl1,freq_div,5,5,118.902,118.902,1.0,
base,F3,rl1,fsm,5,5,45.486,45.486,1.0,
base,F3,rl1,multi_8bit,5,5,514.444,514.444,1.0,
base,F3,rl1,parallel2serial,5,5,48.146,48.146,1.0,
base,F3,rl1,pe,5,5,3589.404,3589.404,1.0,
base,F3,rl1,pulse_detect,3,2,32.053,29.26,1.0954545454545452,
base,F3,rl1,serial2parallel,5,4,50.54,154.812,0.3264604810996563,ERROR: Multiple edge sensitive events found for this signal!
base,F3,rl1,signal_generator,5,5,74.48,74.48,1.0,
base,F3,rl1,synchronizer,5,5,73.416,65.968,1.1129032258064515,
base,F3,rl1,width_8to16,5,5,188.062,187.53,1.0028368794326241,
base,F3,rl2,LIFObuffer,5,4,429.058,214.662,1.9987608426270136,"/tmp/ppa_yslqs39_/d.sv:23: ERROR: syntax error, unexpected TOK_BEGIN, expecting ';'"
base,F3,rl2,RAM,5,0,,634.676,,"/tmp/ppa_xnzx1_ev/d.sv:22: ERROR: syntax error, unexpected TOK_ID, expecting ';'"
base,F3,rl2,ROM,5,5,0.532,0.532,1.0,
base,F3,rl2,accu,1,1,233.814,155.344,1.50513698630137,
base,F3,rl2,adder_16bit,5,5,98.154,96.824,1.0137362637362637,
base,F3,rl2,adder_32bit,5,5,190.988,207.746,0.9193341869398207,
base,F3,rl2,adder_8bit,5,5,50.274,50.274,1.0,
base,F3,rl2,adder_bcd,5,5,32.984,32.984,1.0,
base,F3,rl2,barrel_shifter,3,0,,39.368,,"/tmp/ppa_5jm7u0cj/d.sv:69: ERROR: System task `$finish' executed.;/tmp/ppa_bv04opm8/d.sv:47: ERROR: syntax error, unexpected TOK_FINAL;/tmp/ppa_xq2npjbp/d.sv:64: ERROR: System task `$finish' executed."
base,F3,rl2,calendar,5,5,171.038,172.368,0.992283950617284,
base,F3,rl2,clkgenerator,5,0,,,,"/tmp/ppa_q8l5kvye/d.sv:13: ERROR: syntax error, unexpected TOK_BEGIN"
base,F3,rl2,comparator_3bit,5,5,11.97,11.97,1.0,
base,F3,rl2,comparator_4bit,5,5,18.62,18.886,0.9859154929577466,
base,F3,rl2,counter_12,5,5,31.654,31.654,1.0,
base,F3,rl2,div_16bit,5,5,758.898,1056.552,0.7182779456193354,
base,F3,rl2,edge_detect,5,5,18.354,18.354,1.0,
base,F3,rl2,freq_div,5,5,100.282,115.976,0.8646788990825688,
base,F3,rl2,freq_divbyfrac,1,1,38.57,50.806,0.7591623036649215,
base,F3,rl2,fsm,1,1,39.102,35.112,1.1136363636363635,
base,F3,rl2,instr_reg,1,1,122.094,117.04,1.043181818181818,
base,F3,rl2,multi_8bit,5,5,514.444,514.444,1.0,
base,F3,rl2,multi_booth_8bit,5,5,275.842,275.842,1.0,
base,F3,rl2,parallel2serial,5,5,48.146,48.146,1.0,
base,F3,rl2,pe,5,5,3589.404,3589.404,1.0,
base,F3,rl2,pulse_detect,3,2,6.65,29.26,0.22727272727272727,ERROR: Multiple edge sensitive events found for this signal!
base,F3,rl2,ring_counter,5,5,46.816,46.816,1.0,
base,F3,rl2,signal_generator,5,5,78.204,78.204,1.0,
base,F3,rl2,sub_64bit,5,5,424.004,404.852,1.0473061760841,
base,F3,rl2,synchronizer,5,5,65.968,,,
base,F3,rl2,up_down_counter,5,5,179.284,187.53,0.9560283687943262,
base,F3,rl2,width_8to16,5,5,188.062,187.53,1.0028368794326241,
base,F3,ve,Prob001_zero,1,0,,,,
base,F3,ve,Prob002_m2014_q4i,1,0,,,,
base,F3,ve,Prob003_step_one,1,0,,,,
base,F3,ve,Prob004_vector2,1,0,,,,
base,F3,ve,Prob005_notgate,1,1,0.532,0.532,1.0,
base,F3,ve,Prob006_vectorr,1,0,,,,
base,F3,ve,Prob007_wire,1,0,,,,
base,F3,ve,Prob008_m2014_q4h,1,0,,,,
base,F3,ve,Prob009_popcount3,1,1,5.586,6.384,0.875,
base,F3,ve,Prob010_mt2015_q4a,1,1,1.33,1.33,1.0,
base,F3,ve,Prob011_norgate,1,1,0.798,0.798,1.0,
base,F3,ve,Prob012_xnorgate,1,1,1.596,1.596,1.0,
base,F3,ve,Prob013_m2014_q4e,1,1,0.798,0.798,1.0,
base,F3,ve,Prob014_andgate,1,1,1.064,1.064,1.0,
base,F3,ve,Prob015_vector1,1,0,,,,
base,F3,ve,Prob016_m2014_q4j,1,1,21.28,20.482,1.038961038961039,
base,F3,ve,Prob017_mux2to1v,1,1,186.2,186.2,1.0,
base,F3,ve,Prob018_mux256to1,1,1,433.314,433.314,1.0,
base,F3,ve,Prob019_m2014_q4f,1,1,1.33,1.33,1.0,
base,F3,ve,Prob020_mt2015_eq2,1,1,3.99,3.99,1.0,
base,F3,ve,Prob021_mux256to1v,1,1,1726.606,1726.606,1.0,
base,F3,ve,Prob022_mux2to1,1,1,1.862,1.862,1.0,
base,F3,ve,Prob023_vector100r,1,0,,,,
base,F3,ve,Prob024_hadd,1,1,2.66,2.66,1.0,
base,F3,ve,Prob025_reduction,1,1,11.172,11.172,1.0,
base,F3,ve,Prob026_alwaysblock1,1,1,1.064,1.064,1.0,
base,F3,ve,Prob027_fadd,1,1,5.586,6.384,0.875,
base,F3,ve,Prob028_m2014_q4a,1,0,,,,
base,F3,ve,Prob029_m2014_q4g,1,1,3.192,3.192,1.0,
base,F3,ve,Prob030_popcount255,1,1,1448.902,1448.902,1.0,
base,F3,ve,Prob031_dff,1,1,4.522,4.522,1.0,
base,F3,ve,Prob032_vector0,1,0,,,,
base,F3,ve,Prob033_ece241_2014_q1c,1,1,45.22,45.22,1.0,
base,F3,ve,Prob034_dff8,1,1,36.176,36.176,1.0,
base,F3,ve,Prob039_always_if,1,1,2.66,2.66,1.0,
base,F3,ve,Prob042_vector4,1,0,,,,
base,F3,ve,Prob043_vector5,1,1,15.96,15.96,1.0,
base,F3,ve,Prob044_vectorgates,1,1,7.714,7.714,1.0,
base,F3,ve,Prob045_edgedetect2,1,1,85.12,85.12,1.0,
base,F3,ve,Prob046_dff8p,1,1,50.274,50.274,1.0,
base,F3,ve,Prob047_dff8ar,1,1,46.816,46.816,1.0,
base,F3,ve,Prob048_m2014_q4c,1,1,5.852,5.852,1.0,
base,F3,ve,Prob049_m2014_q4b,1,1,5.852,5.852,1.0,
base,F3,ve,Prob050_kmap1,1,1,1.33,1.33,1.0,
base,F3,ve,Prob051_gates4,1,1,7.98,7.98,1.0,
base,F3,ve,Prob052_gates100,1,1,247.912,247.912,1.0,
base,F3,ve,Prob054_edgedetect,1,1,82.992,82.992,1.0,
base,F3,ve,Prob055_conditional,1,1,146.3,194.446,0.7523939808481532,
base,F3,ve,Prob056_ece241_2013_q7,1,1,7.182,6.384,1.125,
base,F3,ve,Prob058_alwaysblock2,1,1,6.118,6.118,1.0,
base,F3,ve,Prob059_wire4,1,0,,,,
base,F3,ve,Prob061_2014_q4a,1,1,8.246,8.246,1.0,
base,F3,ve,Prob064_vector3,1,0,,,,
base,F3,ve,Prob065_7420,1,1,2.66,2.66,1.0,
base,F3,ve,Prob069_truthtable1,1,1,1.862,1.862,1.0,
base,F3,ve,Prob071_always_casez,1,1,12.768,12.768,1.0,
base,F3,ve,Prob072_thermostat,1,1,4.522,4.522,1.0,
base,F3,ve,Prob075_counter_2bc,1,1,24.206,24.206,1.0,
base,F3,ve,Prob076_always_case,1,1,28.462,28.462,1.0,
base,F3,ve,Prob077_wire_decl,1,1,1.862,1.862,1.0,
base,F3,ve,Prob078_dualedge,1,1,11.438,11.438,1.0,
base,F3,ve,Prob079_fsm3onehot,1,1,13.832,6.384,2.1666666666666665,
base,F3,ve,Prob080_timer,1,1,94.43,90.972,1.038011695906433,
base,F3,ve,Prob081_7458,1,1,4.788,4.788,1.0,
base,F3,ve,Prob083_mt2015_q4b,1,1,1.596,1.596,1.0,
base,F3,ve,Prob084_ece241_2013_q12,1,1,64.106,64.106,1.0,
base,F3,ve,Prob087_gates,1,1,6.118,5.586,1.0952380952380953,
base,F3,ve,Prob088_ece241_2014_q5b,1,1,15.96,8.512,1.875,
base,F3,ve,Prob090_circuit1,1,1,1.064,1.064,1.0,
base,F3,ve,Prob092_gatesv100,1,1,370.272,370.272,1.0,
base,F3,ve,Prob097_mux9to1v,1,1,151.088,151.088,1.0,
base,F3,ve,Prob100_fsm3comb,1,1,3.99,3.99,1.0,
base,F3,ve,Prob101_circuit4,1,1,1.064,1.064,1.0,
base,F3,ve,Prob102_circuit3,1,1,1.862,1.862,1.0,
base,F3,ve,Prob103_circuit2,1,1,4.788,4.788,1.0,
base,F3,ve,Prob105_rotate100,1,1,1015.056,1015.056,1.0,
base,F3,ve,Prob106_always_nolatches,1,1,18.088,18.088,1.0,
base,F3,ve,Prob108_rule90,1,1,4082.568,4082.568,1.0,
base,F3,ve,Prob109_fsm1,1,1,15.428,7.448,2.0714285714285716,
base,F3,ve,Prob110_fsm2,1,1,7.714,7.714,1.0,
base,F3,ve,Prob112_always_case2,1,1,4.256,4.256,1.0,
base,F3,ve,Prob114_bugs_case,1,1,30.856,29.792,1.0357142857142858,
base,F3,ve,Prob119_fsm3,1,1,29.792,29.792,1.0,
base,F3,ve,Prob122_kmap4,1,1,4.788,4.788,1.0,
base,F3,ve,Prob123_bugs_addsubz,1,1,69.16,69.16,1.0,
base,F3,ve,Prob126_circuit6,1,1,26.866,26.866,1.0,
base,F3,ve,Prob130_circuit5,1,1,27.132,27.132,1.0,
base,F3,ve,Prob131_mt2015_q4,1,1,1.33,1.33,1.0,
base,F3,ve,Prob132_always_if2,1,1,0.798,0.798,1.0,
full,F0,rl1,RAM,1,0,,478.268,,  what():  basic_string::at: __n (which is 4) >= this->size() (which is 4)
full,F0,rl1,accu,1,1,132.202,155.344,0.851027397260274,
full,F0,rl1,adder_16bit,1,1,98.154,96.824,1.0137362637362637,
full,F0,rl1,adder_32bit,1,1,190.988,191.786,0.9958391123439667,
full,F0,rl1,adder_8bit,1,1,48.146,50.274,0.9576719576719577,
full,F0,rl1,counter_12,1,1,31.654,31.654,1.0,
full,F0,rl1,div_8bit,1,1,411.502,426.664,0.9644638403990026,
full,F0,rl1,edge_detect,1,1,18.354,18.354,1.0,
full,F0,rl1,multi_16bit,1,1,76.874,925.946,0.08302212008043665,
full,F0,rl1,pe,1,1,3589.404,3589.404,1.0,
full,F0,rl1,signal_generator,1,1,78.204,74.48,1.0499999999999998,
full,F0,rl1,synchronizer,1,1,65.968,65.968,1.0,
full,F0,rl2,RAM,1,0,,634.676,,  what():  basic_string::at: __n (which is 4) >= this->size() (which is 4)
full,F0,rl2,ROM,1,1,0.532,0.532,1.0,
full,F0,rl2,adder_16bit,1,1,98.154,96.824,1.0137362637362637,
full,F0,rl2,adder_8bit,1,1,48.146,50.274,0.9576719576719577,
full,F0,rl2,calendar,1,1,172.368,172.368,1.0,
full,F0,rl2,comparator_3bit,1,1,11.97,11.97,1.0,
full,F0,rl2,counter_12,1,1,31.654,31.654,1.0,
full,F0,rl2,edge_detect,1,1,7.714,18.354,0.4202898550724638,
full,F0,rl2,instr_reg,1,1,117.04,117.04,1.0,
full,F0,rl2,multi_booth_8bit,1,1,277.704,275.842,1.0067502410800386,
full,F0,rl2,pe,1,1,3589.404,3589.404,1.0,
full,F0,rl2,ring_counter,1,1,46.816,46.816,1.0,
full,F0,rl2,sub_64bit,1,1,404.586,404.852,0.9993429697766099,
full,F0,rl2,synchronizer,1,1,65.968,,,
full,F0,rl2,up_down_counter,1,1,183.008,187.53,0.9758865248226951,
full,F0,ve,Prob001_zero,1,0,,,,
full,F0,ve,Prob002_m2014_q4i,1,0,,,,
full,F0,ve,Prob003_step_one,1,0,,,,
full,F0,ve,Prob004_vector2,1,0,,,,
full,F0,ve,Prob005_notgate,1,1,0.532,0.532,1.0,
full,F0,ve,Prob006_vectorr,1,0,,,,
full,F0,ve,Prob007_wire,1,0,,,,
full,F0,ve,Prob008_m2014_q4h,1,0,,,,
full,F0,ve,Prob010_mt2015_q4a,1,1,1.33,1.33,1.0,
full,F0,ve,Prob011_norgate,1,1,0.798,0.798,1.0,
full,F0,ve,Prob012_xnorgate,1,1,1.596,1.596,1.0,
full,F0,ve,Prob013_m2014_q4e,1,1,0.798,0.798,1.0,
full,F0,ve,Prob014_andgate,1,1,1.064,1.064,1.0,
full,F0,ve,Prob015_vector1,1,0,,,,
full,F0,ve,Prob016_m2014_q4j,1,1,20.482,20.482,1.0,
full,F0,ve,Prob017_mux2to1v,1,1,186.2,186.2,1.0,
full,F0,ve,Prob018_mux256to1,1,1,433.314,433.314,1.0,
full,F0,ve,Prob019_m2014_q4f,1,1,1.33,1.33,1.0,
full,F0,ve,Prob020_mt2015_eq2,1,1,3.99,3.99,1.0,
full,F0,ve,Prob021_mux256to1v,1,1,1726.606,1726.606,1.0,
full,F0,ve,Prob022_mux2to1,1,1,1.862,1.862,1.0,
full,F0,ve,Prob023_vector100r,1,0,,,,
full,F0,ve,Prob024_hadd,1,1,2.66,2.66,1.0,
full,F0,ve,Prob025_reduction,1,1,11.172,11.172,1.0,
full,F0,ve,Prob026_alwaysblock1,1,1,1.064,1.064,1.0,
full,F0,ve,Prob027_fadd,1,1,6.384,6.384,1.0,
full,F0,ve,Prob028_m2014_q4a,1,0,,,,
full,F0,ve,Prob029_m2014_q4g,1,1,3.192,3.192,1.0,
full,F0,ve,Prob030_popcount255,1,1,4269.3,1448.902,2.946576096934092,
full,F0,ve,Prob031_dff,1,1,4.522,4.522,1.0,
full,F0,ve,Prob032_vector0,1,0,,,,
full,F0,ve,Prob033_ece241_2014_q1c,1,1,45.22,45.22,1.0,
full,F0,ve,Prob034_dff8,1,1,36.176,36.176,1.0,
full,F0,ve,Prob035_count1to10,1,1,31.388,31.388,1.0,
full,F0,ve,Prob036_ringer,1,1,2.394,2.394,1.0,
full,F0,ve,Prob037_review2015_count1k,1,1,80.332,80.332,1.0,
full,F0,ve,Prob038_count15,1,1,27.93,27.93,1.0,
full,F0,ve,Prob039_always_if,1,1,2.66,2.66,1.0,
full,F0,ve,Prob040_count10,1,1,31.654,31.654,1.0,
full,F0,ve,Prob041_dff8r,1,1,46.816,46.816,1.0,
full,F0,ve,Prob044_vectorgates,1,1,7.714,7.714,1.0,
full,F0,ve,Prob047_dff8ar,1,1,46.816,46.816,1.0,
full,F0,ve,Prob048_m2014_q4c,1,1,5.852,5.852,1.0,
full,F0,ve,Prob051_gates4,1,1,7.98,7.98,1.0,
full,F0,ve,Prob052_gates100,1,1,247.912,247.912,1.0,
full,F0,ve,Prob054_edgedetect,1,1,82.992,82.992,1.0,
full,F0,ve,Prob056_ece241_2013_q7,1,1,6.384,6.384,1.0,
full,F0,ve,Prob058_alwaysblock2,1,1,6.118,6.118,1.0,
full,F0,ve,Prob059_wire4,1,0,,,,
full,F0,ve,Prob061_2014_q4a,1,1,8.246,8.246,1.0,
full,F0,ve,Prob064_vector3,1,0,,,,
full,F0,ve,Prob065_7420,1,1,2.66,2.66,1.0,
full,F0,ve,Prob067_countslow,1,1,34.314,33.25,1.032,
full,F0,ve,Prob069_truthtable1,1,1,1.862,1.862,1.0,
full,F0,ve,Prob072_thermostat,1,1,4.522,4.522,1.0,
full,F0,ve,Prob073_dff16e,1,1,119.168,119.168,1.0,
full,F0,ve,Prob076_always_case,1,1,28.462,28.462,1.0,
full,F0,ve,Prob077_wire_decl,1,1,1.862,1.862,1.0,
full,F0,ve,Prob078_dualedge,1,1,11.438,11.438,1.0,
full,F0,ve,Prob080_timer,1,1,90.972,90.972,1.0,
full,F0,ve,Prob081_7458,1,1,4.788,4.788,1.0,
full,F0,ve,Prob084_ece241_2013_q12,1,1,64.106,64.106,1.0,
full,F0,ve,Prob085_shift4,1,1,37.24,37.24,1.0,
full,F0,ve,Prob087_gates,1,1,5.586,5.586,1.0,
full,F0,ve,Prob088_ece241_2014_q5b,1,1,15.96,8.512,1.875,
full,F0,ve,Prob090_circuit1,1,1,1.064,1.064,1.0,
full,F0,ve,Prob092_gatesv100,1,1,370.272,370.272,1.0,
full,F0,ve,Prob094_gatesv,1,1,12.768,12.768,1.0,
full,F0,ve,Prob097_mux9to1v,1,1,151.088,151.088,1.0,
full,F0,ve,Prob099_m2014_q6c,1,1,3.724,3.724,1.0,
full,F0,ve,Prob106_always_nolatches,1,1,18.088,18.088,1.0,
full,F0,ve,Prob107_fsm1s,1,1,15.96,7.182,2.2222222222222223,
full,F0,ve,Prob109_fsm1,1,1,7.448,7.448,1.0,
full,F0,ve,Prob110_fsm2,1,1,7.714,7.714,1.0,
full,F0,ve,Prob111_fsm2s,1,1,14.364,6.65,2.16,
full,F0,ve,Prob112_always_case2,1,1,4.256,4.256,1.0,
full,F0,ve,Prob114_bugs_case,1,1,30.058,29.792,1.0089285714285714,
full,F0,ve,Prob115_shift18,1,1,676.704,672.98,1.0055335968379446,
full,F0,ve,Prob121_2014_q3bfsm,1,1,36.708,35.378,1.037593984962406,
full,F0,ve,Prob123_bugs_addsubz,1,1,69.16,69.16,1.0,
full,F0,ve,Prob126_circuit6,1,1,26.866,26.866,1.0,
full,F0,ve,Prob127_lemmings1,1,1,7.714,7.714,1.0,
full,F0,ve,Prob129_ece241_2013_q8,1,1,13.034,13.034,1.0,
full,F0,ve,Prob130_circuit5,1,1,27.132,27.132,1.0,
full,F0,ve,Prob132_always_if2,1,1,0.798,0.798,1.0,
full,F0,ve,Prob138_2012_q2fsm,1,1,40.166,40.166,1.0,
full,F0,ve,Prob148_2013_q2afsm,1,1,31.388,31.388,1.0,
full,F0,ve,Prob152_lemmings3,1,1,53.466,53.998,0.9901477832512315,
full,F3,rl1,RAM,5,5,437.57,478.268,0.9149054505005562,
full,F3,rl1,accu,5,5,136.724,155.344,0.8801369863013698,
full,F3,rl1,adder_16bit,5,5,98.154,96.824,1.0137362637362637,
full,F3,rl1,adder_32bit,5,5,190.988,191.786,0.9958391123439667,
full,F3,rl1,adder_8bit,5,5,48.146,50.274,0.9576719576719577,
full,F3,rl1,adder_pipe_64bit,5,4,1790.978,2409.162,0.7434028927901072,ERROR: Multiple edge sensitive events found for this signal!
full,F3,rl1,calendar,5,5,172.368,172.368,1.0,
full,F3,rl1,counter_12,5,5,31.654,31.654,1.0,
full,F3,rl1,div_8bit,4,4,326.116,426.664,0.7643391521197007,
full,F3,rl1,edge_detect,5,5,18.354,18.354,1.0,
full,F3,rl1,freq_div,5,5,118.902,118.902,1.0,
full,F3,rl1,fsm,5,5,44.422,45.486,0.9766081871345029,
full,F3,rl1,multi_16bit,5,5,79.268,925.946,0.08560758402757829,
full,F3,rl1,multi_8bit,5,5,514.444,514.444,1.0,
full,F3,rl1,multi_pipe_8bit,4,3,60.648,883.386,0.06865401987353208,
full,F3,rl1,parallel2serial,5,5,48.146,48.146,1.0,
full,F3,rl1,pe,5,5,3589.404,3589.404,1.0,
full,F3,rl1,pulse_detect,5,3,28.994,29.26,0.9909090909090909,ERROR: Multiple edge sensitive events found for this signal!
full,F3,rl1,serial2parallel,5,0,,154.812,,ERROR: Multiple edge sensitive events found for this signal!
full,F3,rl1,signal_generator,5,5,78.204,74.48,1.0499999999999998,
full,F3,rl1,synchronizer,5,5,65.968,65.968,1.0,
full,F3,rl1,width_8to16,5,5,166.782,187.53,0.8893617021276596,
full,F3,rl2,LIFObuffer,5,5,548.492,214.662,2.555142503097893,
full,F3,rl2,RAM,5,5,439.964,634.676,0.6932103939647946,
full,F3,rl2,ROM,5,5,0.532,0.532,1.0,
full,F3,rl2,accu,3,3,217.322,155.344,1.398972602739726,
full,F3,rl2,adder_16bit,5,5,98.154,96.824,1.0137362637362637,
full,F3,rl2,adder_32bit,5,5,190.988,207.746,0.9193341869398207,
full,F3,rl2,adder_8bit,5,5,48.146,50.274,0.9576719576719577,
full,F3,rl2,adder_bcd,5,5,32.984,32.984,1.0,
full,F3,rl2,alu,3,3,1246.742,1916.796,0.6504301970580072,
full,F3,rl2,calendar,5,5,170.24,172.368,0.9876543209876544,
full,F3,rl2,clkgenerator,1,0,,,,
full,F3,rl2,comparator_3bit,5,5,11.97,11.97,1.0,
full,F3,rl2,comparator_4bit,5,5,18.886,18.886,1.0,
full,F3,rl2,counter_12,5,5,31.654,31.654,1.0,
full,F3,rl2,div_16bit,5,5,758.898,1056.552,0.7182779456193354,
full,F3,rl2,edge_detect,5,5,7.714,18.354,0.4202898550724638,
full,F3,rl2,fixed_point_adder,5,5,84.588,493.696,0.1713362068965517,
full,F3,rl2,fixed_point_substractor,5,5,57.722,427.994,0.1348663766314481,
full,F3,rl2,freq_div,5,5,115.976,115.976,1.0,
full,F3,rl2,freq_divbyfrac,1,1,40.166,50.806,0.7905759162303665,
full,F3,rl2,freq_divbyodd,2,2,59.584,55.86,1.0666666666666667,
full,F3,rl2,fsm,5,5,44.422,35.112,1.265151515151515,
full,F3,rl2,instr_reg,5,5,117.04,117.04,1.0,
full,F3,rl2,multi_8bit,5,5,382.774,514.444,0.7440537745604965,
full,F3,rl2,multi_booth_8bit,5,5,277.704,275.842,1.0067502410800386,
full,F3,rl2,parallel2serial,5,5,48.146,48.146,1.0,
full,F3,rl2,pe,5,5,3589.404,3589.404,1.0,
full,F3,rl2,pulse_detect,3,3,27.664,29.26,0.9454545454545454,
full,F3,rl2,ring_counter,5,5,46.816,46.816,1.0,
full,F3,rl2,signal_generator,5,5,78.204,78.204,1.0,
full,F3,rl2,sub_64bit,5,5,404.586,404.852,0.9993429697766099,
full,F3,rl2,synchronizer,5,5,65.968,,,
full,F3,rl2,up_down_counter,5,5,183.008,187.53,0.9758865248226951,
full,F3,rl2,width_8to16,5,5,187.264,187.53,0.9985815602836879,
full,F3,ve,Prob001_zero,1,0,,,,
full,F3,ve,Prob002_m2014_q4i,1,0,,,,
full,F3,ve,Prob003_step_one,1,0,,,,
full,F3,ve,Prob004_vector2,1,0,,,,
full,F3,ve,Prob005_notgate,1,1,0.532,0.532,1.0,
full,F3,ve,Prob006_vectorr,1,0,,,,
full,F3,ve,Prob007_wire,1,0,,,,
full,F3,ve,Prob008_m2014_q4h,1,0,,,,
full,F3,ve,Prob009_popcount3,1,1,5.586,6.384,0.875,
full,F3,ve,Prob010_mt2015_q4a,1,1,1.33,1.33,1.0,
full,F3,ve,Prob011_norgate,1,1,0.798,0.798,1.0,
full,F3,ve,Prob012_xnorgate,1,1,1.596,1.596,1.0,
full,F3,ve,Prob013_m2014_q4e,1,1,0.798,0.798,1.0,
full,F3,ve,Prob014_andgate,1,1,1.064,1.064,1.0,
full,F3,ve,Prob015_vector1,1,0,,,,
full,F3,ve,Prob016_m2014_q4j,1,1,20.482,20.482,1.0,
full,F3,ve,Prob017_mux2to1v,1,1,186.2,186.2,1.0,
full,F3,ve,Prob018_mux256to1,1,1,433.314,433.314,1.0,
full,F3,ve,Prob019_m2014_q4f,1,1,1.33,1.33,1.0,
full,F3,ve,Prob020_mt2015_eq2,1,1,3.99,3.99,1.0,
full,F3,ve,Prob021_mux256to1v,1,1,1726.606,1726.606,1.0,
full,F3,ve,Prob022_mux2to1,1,1,1.862,1.862,1.0,
full,F3,ve,Prob023_vector100r,1,0,,,,
full,F3,ve,Prob024_hadd,1,1,2.66,2.66,1.0,
full,F3,ve,Prob025_reduction,1,1,11.172,11.172,1.0,
full,F3,ve,Prob026_alwaysblock1,1,1,1.064,1.064,1.0,
full,F3,ve,Prob027_fadd,1,1,6.384,6.384,1.0,
full,F3,ve,Prob028_m2014_q4a,1,0,,,,
full,F3,ve,Prob029_m2014_q4g,1,1,3.192,3.192,1.0,
full,F3,ve,Prob030_popcount255,1,1,4269.3,1448.902,2.946576096934092,
full,F3,ve,Prob031_dff,1,1,4.522,4.522,1.0,
full,F3,ve,Prob032_vector0,1,0,,,,
full,F3,ve,Prob033_ece241_2014_q1c,1,1,45.22,45.22,1.0,
full,F3,ve,Prob034_dff8,1,1,36.176,36.176,1.0,
full,F3,ve,Prob035_count1to10,1,1,31.388,31.388,1.0,
full,F3,ve,Prob036_ringer,1,1,2.394,2.394,1.0,
full,F3,ve,Prob037_review2015_count1k,1,1,80.332,80.332,1.0,
full,F3,ve,Prob038_count15,1,1,27.93,27.93,1.0,
full,F3,ve,Prob039_always_if,1,1,2.66,2.66,1.0,
full,F3,ve,Prob040_count10,1,1,31.654,31.654,1.0,
full,F3,ve,Prob041_dff8r,1,1,46.816,46.816,1.0,
full,F3,ve,Prob042_vector4,1,0,,,,
full,F3,ve,Prob043_vector5,1,1,15.96,15.96,1.0,
full,F3,ve,Prob044_vectorgates,1,1,7.714,7.714,1.0,
full,F3,ve,Prob045_edgedetect2,1,1,85.12,85.12,1.0,
full,F3,ve,Prob046_dff8p,1,1,50.274,50.274,1.0,
full,F3,ve,Prob047_dff8ar,1,1,46.816,46.816,1.0,
full,F3,ve,Prob048_m2014_q4c,1,1,5.852,5.852,1.0,
full,F3,ve,Prob049_m2014_q4b,1,1,5.852,5.852,1.0,
full,F3,ve,Prob050_kmap1,1,1,1.33,1.33,1.0,
full,F3,ve,Prob051_gates4,1,1,7.98,7.98,1.0,
full,F3,ve,Prob052_gates100,1,1,247.912,247.912,1.0,
full,F3,ve,Prob054_edgedetect,1,1,82.992,82.992,1.0,
full,F3,ve,Prob055_conditional,1,1,234.878,194.446,1.2079343365253077,
full,F3,ve,Prob056_ece241_2013_q7,1,1,6.384,6.384,1.0,
full,F3,ve,Prob058_alwaysblock2,1,1,6.118,6.118,1.0,
full,F3,ve,Prob059_wire4,1,0,,,,
full,F3,ve,Prob061_2014_q4a,1,1,8.246,8.246,1.0,
full,F3,ve,Prob063_review2015_shiftcount,1,1,38.836,36.708,1.0579710144927537,
full,F3,ve,Prob064_vector3,1,0,,,,
full,F3,ve,Prob065_7420,1,1,2.66,2.66,1.0,
full,F3,ve,Prob067_countslow,1,1,34.314,33.25,1.032,
full,F3,ve,Prob068_countbcd,1,1,135.394,136.99,0.9883495145631068,
full,F3,ve,Prob069_truthtable1,1,1,1.862,1.862,1.0,
full,F3,ve,Prob072_thermostat,1,1,4.522,4.522,1.0,
full,F3,ve,Prob073_dff16e,1,1,119.168,119.168,1.0,
full,F3,ve,Prob075_counter_2bc,1,1,21.546,24.206,0.8901098901098901,
full,F3,ve,Prob076_always_case,1,1,28.462,28.462,1.0,
full,F3,ve,Prob077_wire_decl,1,1,1.862,1.862,1.0,
full,F3,ve,Prob078_dualedge,1,1,11.438,11.438,1.0,
full,F3,ve,Prob079_fsm3onehot,1,1,13.832,6.384,2.1666666666666665,
full,F3,ve,Prob080_timer,1,1,90.972,90.972,1.0,
full,F3,ve,Prob081_7458,1,1,4.788,4.788,1.0,
full,F3,ve,Prob083_mt2015_q4b,1,1,1.596,1.596,1.0,
full,F3,ve,Prob084_ece241_2013_q12,1,1,64.106,64.106,1.0,
full,F3,ve,Prob085_shift4,1,1,37.24,37.24,1.0,
full,F3,ve,Prob086_lfsr5,1,1,30.59,30.59,1.0,
full,F3,ve,Prob087_gates,1,1,5.586,5.586,1.0,
full,F3,ve,Prob088_ece241_2014_q5b,1,1,15.96,8.512,1.875,
full,F3,ve,Prob090_circuit1,1,1,1.064,1.064,1.0,
full,F3,ve,Prob092_gatesv100,1,1,370.272,370.272,1.0,
full,F3,ve,Prob094_gatesv,1,1,12.768,12.768,1.0,
full,F3,ve,Prob096_review2015_fsmseq,1,1,32.452,32.452,1.0,
full,F3,ve,Prob097_mux9to1v,1,1,151.088,151.088,1.0,
full,F3,ve,Prob098_circuit7,1,1,5.054,5.054,1.0,
full,F3,ve,Prob099_m2014_q6c,1,1,3.724,3.724,1.0,
full,F3,ve,Prob100_fsm3comb,1,1,3.99,3.99,1.0,
full,F3,ve,Prob102_circuit3,1,1,1.862,1.862,1.0,
full,F3,ve,Prob103_circuit2,1,1,4.788,4.788,1.0,
full,F3,ve,Prob105_rotate100,1,1,1014.258,1015.056,0.9992138364779874,
full,F3,ve,Prob106_always_nolatches,1,1,18.088,18.088,1.0,
full,F3,ve,Prob107_fsm1s,1,1,15.96,7.182,2.2222222222222223,
full,F3,ve,Prob109_fsm1,1,1,7.448,7.448,1.0,
full,F3,ve,Prob110_fsm2,1,1,7.714,7.714,1.0,
full,F3,ve,Prob111_fsm2s,1,1,14.364,6.65,2.16,
full,F3,ve,Prob112_always_case2,1,1,4.256,4.256,1.0,
full,F3,ve,Prob114_bugs_case,1,1,30.058,29.792,1.0089285714285714,
full,F3,ve,Prob115_shift18,1,1,676.704,672.98,1.0055335968379446,
full,F3,ve,Prob117_circuit9,1,1,22.344,22.344,1.0,
full,F3,ve,Prob119_fsm3,1,1,29.526,29.792,0.9910714285714285,
full,F3,ve,Prob120_fsm3s,1,1,26.068,26.068,1.0,
full,F3,ve,Prob121_2014_q3bfsm,1,1,36.708,35.378,1.037593984962406,
full,F3,ve,Prob122_kmap4,1,1,4.788,4.788,1.0,
full,F3,ve,Prob123_bugs_addsubz,1,1,69.16,69.16,1.0,
full,F3,ve,Prob126_circuit6,1,1,26.866,26.866,1.0,
full,F3,ve,Prob127_lemmings1,1,1,7.714,7.714,1.0,
full,F3,ve,Prob128_fsm_ps2,1,1,24.206,24.206,1.0,
full,F3,ve,Prob129_ece241_2013_q8,1,1,13.034,13.034,1.0,
full,F3,ve,Prob130_circuit5,1,1,27.132,27.132,1.0,
full,F3,ve,Prob131_mt2015_q4,1,1,1.33,1.33,1.0,
full,F3,ve,Prob132_always_if2,1,1,0.798,0.798,1.0,
full,F3,ve,Prob138_2012_q2fsm,1,1,40.166,40.166,1.0,
full,F3,ve,Prob142_lemmings2,1,1,34.048,34.048,1.0,
full,F3,ve,Prob148_2013_q2afsm,1,1,31.388,31.388,1.0,
full,F3,ve,Prob152_lemmings3,1,1,53.466,53.998,0.9901477832512315,
gen,F0,rl1,RAM,1,0,,478.268,,  what():  basic_string::at: __n (which is 4) >= this->size() (which is 4)
gen,F0,rl1,accu,1,1,132.202,155.344,0.851027397260274,
gen,F0,rl1,adder_16bit,1,1,98.154,96.824,1.0137362637362637,
gen,F0,rl1,adder_32bit,1,1,190.988,191.786,0.9958391123439667,
gen,F0,rl1,adder_8bit,1,1,48.146,50.274,0.9576719576719577,
gen,F0,rl1,counter_12,1,1,31.654,31.654,1.0,
gen,F0,rl1,div_8bit,1,1,411.502,426.664,0.9644638403990026,
gen,F0,rl1,edge_detect,1,1,18.354,18.354,1.0,
gen,F0,rl1,multi_16bit,1,1,76.874,925.946,0.08302212008043665,
gen,F0,rl1,pe,1,1,3589.404,3589.404,1.0,
gen,F0,rl1,signal_generator,1,1,78.204,74.48,1.0499999999999998,
gen,F0,rl1,synchronizer,1,1,65.968,65.968,1.0,
gen,F0,rl2,RAM,1,0,,634.676,,  what():  basic_string::at: __n (which is 4) >= this->size() (which is 4)
gen,F0,rl2,ROM,1,1,0.532,0.532,1.0,
gen,F0,rl2,adder_16bit,1,1,98.154,96.824,1.0137362637362637,
gen,F0,rl2,adder_32bit,1,1,190.988,207.746,0.9193341869398207,
gen,F0,rl2,adder_8bit,1,1,48.146,50.274,0.9576719576719577,
gen,F0,rl2,calendar,1,1,172.368,172.368,1.0,
gen,F0,rl2,comparator_3bit,1,1,11.97,11.97,1.0,
gen,F0,rl2,counter_12,1,1,31.654,31.654,1.0,
gen,F0,rl2,edge_detect,1,1,18.354,18.354,1.0,
gen,F0,rl2,instr_reg,1,1,117.04,117.04,1.0,
gen,F0,rl2,multi_booth_8bit,1,1,277.704,275.842,1.0067502410800386,
gen,F0,rl2,pe,1,1,3589.404,3589.404,1.0,
gen,F0,rl2,ring_counter,1,1,46.816,46.816,1.0,
gen,F0,rl2,sub_64bit,1,1,404.586,404.852,0.9993429697766099,
gen,F0,rl2,synchronizer,1,1,65.968,,,
gen,F0,rl2,up_down_counter,1,1,183.008,187.53,0.9758865248226951,
gen,F0,ve,Prob001_zero,1,0,,,,
gen,F0,ve,Prob002_m2014_q4i,1,0,,,,
gen,F0,ve,Prob003_step_one,1,0,,,,
gen,F0,ve,Prob004_vector2,1,0,,,,
gen,F0,ve,Prob005_notgate,1,1,0.532,0.532,1.0,
gen,F0,ve,Prob006_vectorr,1,0,,,,
gen,F0,ve,Prob007_wire,1,0,,,,
gen,F0,ve,Prob008_m2014_q4h,1,0,,,,
gen,F0,ve,Prob010_mt2015_q4a,1,1,1.33,1.33,1.0,
gen,F0,ve,Prob011_norgate,1,1,0.798,0.798,1.0,
gen,F0,ve,Prob012_xnorgate,1,1,1.596,1.596,1.0,
gen,F0,ve,Prob013_m2014_q4e,1,1,0.798,0.798,1.0,
gen,F0,ve,Prob014_andgate,1,1,1.064,1.064,1.0,
gen,F0,ve,Prob015_vector1,1,0,,,,
gen,F0,ve,Prob016_m2014_q4j,1,1,20.482,20.482,1.0,
gen,F0,ve,Prob017_mux2to1v,1,1,186.2,186.2,1.0,
gen,F0,ve,Prob018_mux256to1,1,1,433.314,433.314,1.0,
gen,F0,ve,Prob019_m2014_q4f,1,1,1.33,1.33,1.0,
gen,F0,ve,Prob020_mt2015_eq2,1,1,3.99,3.99,1.0,
gen,F0,ve,Prob021_mux256to1v,1,1,1726.606,1726.606,1.0,
gen,F0,ve,Prob022_mux2to1,1,1,1.862,1.862,1.0,
gen,F0,ve,Prob023_vector100r,1,0,,,,
gen,F0,ve,Prob024_hadd,1,1,2.66,2.66,1.0,
gen,F0,ve,Prob025_reduction,1,1,11.172,11.172,1.0,
gen,F0,ve,Prob026_alwaysblock1,1,1,1.064,1.064,1.0,
gen,F0,ve,Prob027_fadd,1,1,6.384,6.384,1.0,
gen,F0,ve,Prob028_m2014_q4a,1,0,,,,
gen,F0,ve,Prob029_m2014_q4g,1,1,3.192,3.192,1.0,
gen,F0,ve,Prob030_popcount255,1,1,4269.3,1448.902,2.946576096934092,
gen,F0,ve,Prob031_dff,1,1,4.522,4.522,1.0,
gen,F0,ve,Prob032_vector0,1,0,,,,
gen,F0,ve,Prob033_ece241_2014_q1c,1,1,45.22,45.22,1.0,
gen,F0,ve,Prob034_dff8,1,1,36.176,36.176,1.0,
gen,F0,ve,Prob035_count1to10,1,1,31.388,31.388,1.0,
gen,F0,ve,Prob036_ringer,1,1,2.394,2.394,1.0,
gen,F0,ve,Prob037_review2015_count1k,1,1,80.332,80.332,1.0,
gen,F0,ve,Prob038_count15,1,1,27.93,27.93,1.0,
gen,F0,ve,Prob039_always_if,1,1,2.66,2.66,1.0,
gen,F0,ve,Prob040_count10,1,1,31.654,31.654,1.0,
gen,F0,ve,Prob041_dff8r,1,1,46.816,46.816,1.0,
gen,F0,ve,Prob042_vector4,1,0,,,,
gen,F0,ve,Prob044_vectorgates,1,1,7.714,7.714,1.0,
gen,F0,ve,Prob047_dff8ar,1,1,46.816,46.816,1.0,
gen,F0,ve,Prob048_m2014_q4c,1,1,5.852,5.852,1.0,
gen,F0,ve,Prob051_gates4,1,1,7.98,7.98,1.0,
gen,F0,ve,Prob052_gates100,1,1,247.912,247.912,1.0,
gen,F0,ve,Prob054_edgedetect,1,1,82.992,82.992,1.0,
gen,F0,ve,Prob056_ece241_2013_q7,1,1,6.384,6.384,1.0,
gen,F0,ve,Prob058_alwaysblock2,1,1,6.118,6.118,1.0,
gen,F0,ve,Prob059_wire4,1,0,,,,
gen,F0,ve,Prob061_2014_q4a,1,1,8.246,8.246,1.0,
gen,F0,ve,Prob064_vector3,1,0,,,,
gen,F0,ve,Prob065_7420,1,1,2.66,2.66,1.0,
gen,F0,ve,Prob067_countslow,1,1,34.314,33.25,1.032,
gen,F0,ve,Prob069_truthtable1,1,1,1.862,1.862,1.0,
gen,F0,ve,Prob072_thermostat,1,1,4.522,4.522,1.0,
gen,F0,ve,Prob073_dff16e,1,1,119.168,119.168,1.0,
gen,F0,ve,Prob076_always_case,1,1,28.462,28.462,1.0,
gen,F0,ve,Prob077_wire_decl,1,1,1.862,1.862,1.0,
gen,F0,ve,Prob078_dualedge,1,1,11.438,11.438,1.0,
gen,F0,ve,Prob080_timer,1,1,90.972,90.972,1.0,
gen,F0,ve,Prob081_7458,1,1,4.788,4.788,1.0,
gen,F0,ve,Prob084_ece241_2013_q12,1,1,64.106,64.106,1.0,
gen,F0,ve,Prob085_shift4,1,1,37.24,37.24,1.0,
gen,F0,ve,Prob087_gates,1,1,5.586,5.586,1.0,
gen,F0,ve,Prob088_ece241_2014_q5b,1,1,15.96,8.512,1.875,
gen,F0,ve,Prob090_circuit1,1,1,1.064,1.064,1.0,
gen,F0,ve,Prob092_gatesv100,1,1,370.272,370.272,1.0,
gen,F0,ve,Prob094_gatesv,1,1,12.768,12.768,1.0,
gen,F0,ve,Prob097_mux9to1v,1,1,151.088,151.088,1.0,
gen,F0,ve,Prob099_m2014_q6c,1,1,3.724,3.724,1.0,
gen,F0,ve,Prob106_always_nolatches,1,1,18.088,18.088,1.0,
gen,F0,ve,Prob107_fsm1s,1,1,15.96,7.182,2.2222222222222223,
gen,F0,ve,Prob109_fsm1,1,1,7.448,7.448,1.0,
gen,F0,ve,Prob110_fsm2,1,1,7.714,7.714,1.0,
gen,F0,ve,Prob111_fsm2s,1,1,14.364,6.65,2.16,
gen,F0,ve,Prob112_always_case2,1,1,4.256,4.256,1.0,
gen,F0,ve,Prob114_bugs_case,1,1,30.058,29.792,1.0089285714285714,
gen,F0,ve,Prob115_shift18,1,1,676.704,672.98,1.0055335968379446,
gen,F0,ve,Prob121_2014_q3bfsm,1,1,36.708,35.378,1.037593984962406,
gen,F0,ve,Prob123_bugs_addsubz,1,1,69.16,69.16,1.0,
gen,F0,ve,Prob126_circuit6,1,1,26.866,26.866,1.0,
gen,F0,ve,Prob127_lemmings1,1,1,7.714,7.714,1.0,
gen,F0,ve,Prob129_ece241_2013_q8,1,1,13.034,13.034,1.0,
gen,F0,ve,Prob130_circuit5,1,1,27.132,27.132,1.0,
gen,F0,ve,Prob132_always_if2,1,1,0.798,0.798,1.0,
gen,F0,ve,Prob138_2012_q2fsm,1,1,40.166,40.166,1.0,
gen,F0,ve,Prob148_2013_q2afsm,1,1,31.388,31.388,1.0,
gen,F0,ve,Prob152_lemmings3,1,1,53.466,53.998,0.9901477832512315,
gen,F3,rl1,RAM,5,5,105.868,478.268,0.22135706340378197,
gen,F3,rl1,accu,5,0,,155.344,,ERROR: Multiple edge sensitive events found for this signal!
gen,F3,rl1,adder_16bit,5,5,98.154,96.824,1.0137362637362637,
gen,F3,rl1,adder_32bit,5,5,190.988,191.786,0.9958391123439667,
gen,F3,rl1,adder_8bit,5,5,48.146,50.274,0.9576719576719577,
gen,F3,rl1,adder_pipe_64bit,2,2,1140.608,2409.162,0.47344595340620516,
gen,F3,rl1,calendar,5,5,172.368,172.368,1.0,
gen,F3,rl1,counter_12,5,5,31.654,31.654,1.0,
gen,F3,rl1,div_8bit,5,4,240.99599999999998,426.664,0.5648379052369077,/tmp/ppa_4tzdcngg/d.sv:73: ERROR: While loops are only allowed in constant functions!
gen,F3,rl1,edge_detect,5,5,18.354,18.354,1.0,
gen,F3,rl1,freq_div,1,1,118.902,118.902,1.0,
gen,F3,rl1,fsm,5,5,44.422,45.486,0.9766081871345029,
gen,F3,rl1,multi_16bit,5,5,79.268,925.946,0.08560758402757829,
gen,F3,rl1,multi_8bit,5,5,514.444,514.444,1.0,
gen,F3,rl1,multi_pipe_8bit,3,0,,883.386,,ERROR: Async reset \rst_n yields non-constant value 8'mmmmmmmm for signal \a_reg.
gen,F3,rl1,parallel2serial,5,5,48.146,48.146,1.0,
gen,F3,rl1,pe,5,5,3589.404,3589.404,1.0,
gen,F3,rl1,pulse_detect,5,5,27.664,29.26,0.9454545454545454,
gen,F3,rl1,serial2parallel,5,0,,154.812,,ERROR: Multiple edge sensitive events found for this signal!
gen,F3,rl1,signal_generator,5,5,78.204,74.48,1.0499999999999998,
gen,F3,rl1,synchronizer,5,5,65.968,65.968,1.0,
gen,F3,rl1,width_8to16,5,5,187.53,187.53,1.0,
gen,F3,rl2,LIFObuffer,4,4,547.162,214.662,2.5489467162329618,
gen,F3,rl2,RAM,5,0,,634.676,,  what():  basic_string::at: __n (which is 4) >= this->size() (which is 4)
gen,F3,rl2,ROM,5,5,0.532,0.532,1.0,
gen,F3,rl2,accu,1,1,145.768,155.344,0.9383561643835617,
gen,F3,rl2,adder_16bit,5,5,98.154,96.824,1.0137362637362637,
gen,F3,rl2,adder_32bit,5,5,190.988,207.746,0.9193341869398207,
gen,F3,rl2,adder_8bit,5,5,48.146,50.274,0.9576719576719577,
gen,F3,rl2,adder_bcd,5,5,32.984,32.984,1.0,
gen,F3,rl2,alu,5,1,1543.332,1916.796,0.8051623646960866,timeout
gen,F3,rl2,barrel_shifter,1,1,39.102,39.368,0.9932432432432431,
gen,F3,rl2,calendar,5,5,169.442,172.368,0.9830246913580247,
gen,F3,rl2,clkgenerator,1,0,,,,/tmp/ppa_sz04aeyz/d.sv:17: ERROR: While loops are only allowed in constant functions!
gen,F3,rl2,comparator_3bit,5,5,11.97,11.97,1.0,
gen,F3,rl2,comparator_4bit,5,5,18.62,18.886,0.9859154929577466,
gen,F3,rl2,counter_12,5,5,31.654,31.654,1.0,
gen,F3,rl2,div_16bit,5,5,758.898,1056.552,0.7182779456193354,
gen,F3,rl2,edge_detect,5,5,7.714,18.354,0.4202898550724638,
gen,F3,rl2,fixed_point_adder,5,5,478.268,493.696,0.9687499999999999,
gen,F3,rl2,fixed_point_substractor,5,5,289.142,427.994,0.675574891236793,
gen,F3,rl2,freq_div,5,5,115.976,115.976,1.0,
gen,F3,rl2,freq_divbyodd,2,2,58.786,55.86,1.0523809523809524,
gen,F3,rl2,fsm,4,4,44.289,35.112,1.2613636363636362,
gen,F3,rl2,instr_reg,5,5,117.04,117.04,1.0,
gen,F3,rl2,multi_8bit,5,5,514.444,514.444,1.0,
gen,F3,rl2,multi_booth_8bit,5,5,272.916,275.842,0.9893924783027965,
gen,F3,rl2,pe,5,5,3589.404,3589.404,1.0,
gen,F3,rl2,pulse_detect,5,5,27.664,29.26,0.9454545454545454,
gen,F3,rl2,ring_counter,5,5,46.816,46.816,1.0,
gen,F3,rl2,signal_generator,5,5,78.204,78.204,1.0,
gen,F3,rl2,sub_64bit,5,5,404.586,404.852,0.9993429697766099,
gen,F3,rl2,synchronizer,5,5,65.968,,,
gen,F3,rl2,up_down_counter,5,5,183.008,187.53,0.9758865248226951,
gen,F3,rl2,width_8to16,5,5,181.678,187.53,0.9687943262411347,
gen,F3,ve,Prob001_zero,1,0,,,,
gen,F3,ve,Prob002_m2014_q4i,1,0,,,,
gen,F3,ve,Prob003_step_one,1,0,,,,
gen,F3,ve,Prob004_vector2,1,0,,,,
gen,F3,ve,Prob005_notgate,1,1,0.532,0.532,1.0,
gen,F3,ve,Prob006_vectorr,1,0,,,,
gen,F3,ve,Prob007_wire,1,0,,,,
gen,F3,ve,Prob008_m2014_q4h,1,0,,,,
gen,F3,ve,Prob009_popcount3,1,1,5.852,6.384,0.9166666666666666,
gen,F3,ve,Prob010_mt2015_q4a,1,1,1.33,1.33,1.0,
gen,F3,ve,Prob011_norgate,1,1,0.798,0.798,1.0,
gen,F3,ve,Prob012_xnorgate,1,1,1.596,1.596,1.0,
gen,F3,ve,Prob013_m2014_q4e,1,1,0.798,0.798,1.0,
gen,F3,ve,Prob014_andgate,1,1,1.064,1.064,1.0,
gen,F3,ve,Prob015_vector1,1,0,,,,
gen,F3,ve,Prob016_m2014_q4j,1,1,20.482,20.482,1.0,
gen,F3,ve,Prob017_mux2to1v,1,1,186.2,186.2,1.0,
gen,F3,ve,Prob018_mux256to1,1,1,433.314,433.314,1.0,
gen,F3,ve,Prob019_m2014_q4f,1,1,1.33,1.33,1.0,
gen,F3,ve,Prob020_mt2015_eq2,1,1,3.99,3.99,1.0,
gen,F3,ve,Prob021_mux256to1v,1,1,1726.606,1726.606,1.0,
gen,F3,ve,Prob022_mux2to1,1,1,1.862,1.862,1.0,
gen,F3,ve,Prob023_vector100r,1,0,,,,
gen,F3,ve,Prob024_hadd,1,1,2.66,2.66,1.0,
gen,F3,ve,Prob025_reduction,1,1,11.172,11.172,1.0,
gen,F3,ve,Prob026_alwaysblock1,1,1,1.064,1.064,1.0,
gen,F3,ve,Prob027_fadd,1,1,6.384,6.384,1.0,
gen,F3,ve,Prob028_m2014_q4a,1,0,,,,
gen,F3,ve,Prob029_m2014_q4g,1,1,3.192,3.192,1.0,
gen,F3,ve,Prob030_popcount255,1,1,4269.3,1448.902,2.946576096934092,
gen,F3,ve,Prob031_dff,1,1,4.522,4.522,1.0,
gen,F3,ve,Prob032_vector0,1,0,,,,
gen,F3,ve,Prob033_ece241_2014_q1c,1,1,45.22,45.22,1.0,
gen,F3,ve,Prob034_dff8,1,1,36.176,36.176,1.0,
gen,F3,ve,Prob035_count1to10,1,1,31.388,31.388,1.0,
gen,F3,ve,Prob036_ringer,1,1,2.394,2.394,1.0,
gen,F3,ve,Prob037_review2015_count1k,1,1,80.332,80.332,1.0,
gen,F3,ve,Prob038_count15,1,1,27.93,27.93,1.0,
gen,F3,ve,Prob039_always_if,1,1,2.66,2.66,1.0,
gen,F3,ve,Prob040_count10,1,1,31.654,31.654,1.0,
gen,F3,ve,Prob041_dff8r,1,1,46.816,46.816,1.0,
gen,F3,ve,Prob042_vector4,1,0,,,,
gen,F3,ve,Prob043_vector5,1,1,15.96,15.96,1.0,
gen,F3,ve,Prob044_vectorgates,1,1,7.714,7.714,1.0,
gen,F3,ve,Prob045_edgedetect2,1,1,85.12,85.12,1.0,
gen,F3,ve,Prob046_dff8p,1,1,50.274,50.274,1.0,
gen,F3,ve,Prob047_dff8ar,1,1,46.816,46.816,1.0,
gen,F3,ve,Prob048_m2014_q4c,1,1,5.852,5.852,1.0,
gen,F3,ve,Prob049_m2014_q4b,1,1,5.852,5.852,1.0,
gen,F3,ve,Prob051_gates4,1,1,7.98,7.98,1.0,
gen,F3,ve,Prob052_gates100,1,1,247.912,247.912,1.0,
gen,F3,ve,Prob054_edgedetect,1,1,82.992,82.992,1.0,
gen,F3,ve,Prob055_conditional,1,1,146.3,194.446,0.7523939808481532,
gen,F3,ve,Prob056_ece241_2013_q7,1,1,6.384,6.384,1.0,
gen,F3,ve,Prob058_alwaysblock2,1,1,6.118,6.118,1.0,
gen,F3,ve,Prob059_wire4,1,0,,,,
gen,F3,ve,Prob061_2014_q4a,1,1,8.246,8.246,1.0,
gen,F3,ve,Prob063_review2015_shiftcount,1,1,38.836,36.708,1.0579710144927537,
gen,F3,ve,Prob064_vector3,1,0,,,,
gen,F3,ve,Prob065_7420,1,1,2.66,2.66,1.0,
gen,F3,ve,Prob067_countslow,1,1,34.314,33.25,1.032,
gen,F3,ve,Prob068_countbcd,1,1,137.256,136.99,1.0019417475728154,
gen,F3,ve,Prob069_truthtable1,1,1,1.862,1.862,1.0,
gen,F3,ve,Prob072_thermostat,1,1,4.522,4.522,1.0,
gen,F3,ve,Prob073_dff16e,1,1,119.168,119.168,1.0,
gen,F3,ve,Prob075_counter_2bc,1,1,18.62,24.206,0.7692307692307693,
gen,F3,ve,Prob076_always_case,1,1,28.462,28.462,1.0,
gen,F3,ve,Prob077_wire_decl,1,1,1.862,1.862,1.0,
gen,F3,ve,Prob078_dualedge,1,1,11.438,11.438,1.0,
gen,F3,ve,Prob079_fsm3onehot,1,1,13.832,6.384,2.1666666666666665,
gen,F3,ve,Prob080_timer,1,1,90.972,90.972,1.0,
gen,F3,ve,Prob081_7458,1,1,4.788,4.788,1.0,
gen,F3,ve,Prob083_mt2015_q4b,1,1,1.596,1.596,1.0,
gen,F3,ve,Prob084_ece241_2013_q12,1,1,64.106,64.106,1.0,
gen,F3,ve,Prob085_shift4,1,1,37.24,37.24,1.0,
gen,F3,ve,Prob086_lfsr5,1,1,30.59,30.59,1.0,
gen,F3,ve,Prob087_gates,1,1,5.586,5.586,1.0,
gen,F3,ve,Prob088_ece241_2014_q5b,1,1,15.96,8.512,1.875,
gen,F3,ve,Prob090_circuit1,1,1,1.064,1.064,1.0,
gen,F3,ve,Prob091_2012_q2b,1,1,3.192,3.192,1.0,
gen,F3,ve,Prob092_gatesv100,1,1,370.272,370.272,1.0,
gen,F3,ve,Prob094_gatesv,1,1,12.768,12.768,1.0,
gen,F3,ve,Prob096_review2015_fsmseq,1,1,32.186,32.452,0.9918032786885247,
gen,F3,ve,Prob097_mux9to1v,1,1,151.088,151.088,1.0,
gen,F3,ve,Prob098_circuit7,1,1,5.054,5.054,1.0,
gen,F3,ve,Prob099_m2014_q6c,1,1,3.724,3.724,1.0,
gen,F3,ve,Prob100_fsm3comb,1,1,3.99,3.99,1.0,
gen,F3,ve,Prob102_circuit3,1,1,1.862,1.862,1.0,
gen,F3,ve,Prob103_circuit2,1,1,4.788,4.788,1.0,
gen,F3,ve,Prob105_rotate100,1,1,1014.258,1015.056,0.9992138364779874,
gen,F3,ve,Prob106_always_nolatches,1,1,18.088,18.088,1.0,
gen,F3,ve,Prob107_fsm1s,1,1,15.96,7.182,2.2222222222222223,
gen,F3,ve,Prob109_fsm1,1,1,7.448,7.448,1.0,
gen,F3,ve,Prob110_fsm2,1,1,7.714,7.714,1.0,
gen,F3,ve,Prob111_fsm2s,1,1,14.364,6.65,2.16,
gen,F3,ve,Prob112_always_case2,1,1,4.256,4.256,1.0,
gen,F3,ve,Prob114_bugs_case,1,1,30.058,29.792,1.0089285714285714,
gen,F3,ve,Prob115_shift18,1,1,676.704,672.98,1.0055335968379446,
gen,F3,ve,Prob117_circuit9,1,1,22.344,22.344,1.0,
gen,F3,ve,Prob119_fsm3,1,1,29.792,29.792,1.0,
gen,F3,ve,Prob121_2014_q3bfsm,1,1,36.708,35.378,1.037593984962406,
gen,F3,ve,Prob122_kmap4,1,1,4.788,4.788,1.0,
gen,F3,ve,Prob123_bugs_addsubz,1,1,69.16,69.16,1.0,
gen,F3,ve,Prob126_circuit6,1,1,26.866,26.866,1.0,
gen,F3,ve,Prob127_lemmings1,1,1,7.714,7.714,1.0,
gen,F3,ve,Prob128_fsm_ps2,1,1,24.206,24.206,1.0,
gen,F3,ve,Prob129_ece241_2013_q8,1,1,13.034,13.034,1.0,
gen,F3,ve,Prob130_circuit5,1,1,27.132,27.132,1.0,
gen,F3,ve,Prob131_mt2015_q4,1,1,1.33,1.33,1.0,
gen,F3,ve,Prob132_always_if2,1,1,0.798,0.798,1.0,
gen,F3,ve,Prob134_2014_q3c,1,1,7.98,6.118,1.3043478260869565,
gen,F3,ve,Prob138_2012_q2fsm,1,1,40.166,40.166,1.0,
gen,F3,ve,Prob140_fsm_hdlc,1,1,64.106,64.106,1.0,
gen,F3,ve,Prob142_lemmings2,1,1,18.886,34.048,0.5546875,
gen,F3,ve,Prob148_2013_q2afsm,1,1,31.388,31.388,1.0,
gen,F3,ve,Prob152_lemmings3,1,1,53.466,53.998,0.9901477832512315,
